{
  "uas":62.7405883065,
  "las":50.8534075778,
  "las_per_type":{
    "root":{
      "p":71.2550607287,
      "r":71.2550607287,
      "f":71.2550607287
    },
    "nmod:poss":{
      "p":54.7368421053,
      "r":62.5429553265,
      "f":58.3801122694
    },
    "nsubj":{
      "p":36.6771159875,
      "r":35.2409638554,
      "f":35.9447004608
    },
    "conj":{
      "p":32.7169274538,
      "r":33.7738619677,
      "f":33.2369942197
    },
    "obj":{
      "p":46.8973747017,
      "r":52.0529801325,
      "f":49.34086629
    },
    "amod":{
      "p":52.2935779817,
      "r":52.1978021978,
      "f":52.2456461962
    },
    "csubj":{
      "p":0.0,
      "r":0.0,
      "f":0.0
    },
    "cop":{
      "p":79.4326241135,
      "r":79.4326241135,
      "f":79.4326241135
    },
    "det":{
      "p":69.7841726619,
      "r":77.3936170213,
      "f":73.3921815889
    },
    "nmod":{
      "p":32.7868852459,
      "r":23.8450074516,
      "f":27.6100086281
    },
    "compound:lvc":{
      "p":61.7283950617,
      "r":56.1797752809,
      "f":58.8235294118
    },
    "compound":{
      "p":36.6379310345,
      "r":23.5457063712,
      "f":28.6677908938
    },
    "obl":{
      "p":39.3133997785,
      "r":48.8308115543,
      "f":43.5582822086
    },
    "case":{
      "p":75.2631578947,
      "r":82.6589595376,
      "f":78.7878787879
    },
    "nummod":{
      "p":49.3506493506,
      "r":35.1851851852,
      "f":41.0810810811
    },
    "advmod":{
      "p":51.8309859155,
      "r":53.8011695906,
      "f":52.7977044476
    },
    "advmod:emph":{
      "p":74.8466257669,
      "r":73.4939759036,
      "f":74.1641337386
    },
    "compound:redup":{
      "p":42.8571428571,
      "r":11.1111111111,
      "f":17.6470588235
    },
    "acl":{
      "p":46.3709677419,
      "r":48.3193277311,
      "f":47.3251028807
    },
    "mark":{
      "p":40.0,
      "r":16.6666666667,
      "f":23.5294117647
    },
    "cc":{
      "p":44.6043165468,
      "r":38.5093167702,
      "f":41.3333333333
    },
    "flat":{
      "p":46.1956521739,
      "r":52.1472392638,
      "f":48.9913544669
    },
    "discourse":{
      "p":78.5714285714,
      "r":26.1904761905,
      "f":39.2857142857
    },
    "appos":{
      "p":0.0,
      "r":0.0,
      "f":0.0
    },
    "aux:q":{
      "p":78.9473684211,
      "r":83.3333333333,
      "f":81.0810810811
    },
    "ccomp":{
      "p":0.0,
      "r":0.0,
      "f":0.0
    },
    "fixed":{
      "p":0.0,
      "r":0.0,
      "f":0.0
    },
    "dep":{
      "p":0.0,
      "r":0.0,
      "f":0.0
    },
    "advcl":{
      "p":0.0,
      "r":0.0,
      "f":0.0
    }
  },
  "ents_p":0.0,
  "ents_r":0.0,
  "ents_f":0.0,
  "ents_per_type":{

  },
  "tags_acc":89.2394983078,
  "token_acc":100.0,
  "textcat_score":0.0,
  "textcats_per_cat":{

  }
}