{
  "lang":"tr",
  "pipeline":[
    "tagger",
    "parser",
    "ner"
  ],
  "spacy_version":">=2.3.4",
  "speed":{
    "nwords":10046,
    "cpu":7407.6608456387,
    "gpu":null
  },
  "accuracy":{
    "tags_acc":89.2494525184,
    "token_acc":100.0,
    "las":51.4825124047,
    "uas":62.991649522,
    "las_per_type":{
      "root":{
        "p":70.1417004049,
        "r":70.1417004049,
        "f":70.1417004049
      },
      "nmod:poss":{
        "p":53.3432392273,
        "r":61.6838487973,
        "f":57.2111553785
      },
      "nsubj":{
        "p":37.3860182371,
        "r":37.0481927711,
        "f":37.2163388805
      },
      "conj":{
        "p":34.328358209,
        "r":33.7738619677,
        "f":34.0488527017
      },
      "obj":{
        "p":47.3621103118,
        "r":52.3178807947,
        "f":49.7168030208
      },
      "amod":{
        "p":51.8388791594,
        "r":54.2124542125,
        "f":52.9991047449
      },
      "csubj":{
        "p":0.0,
        "r":0.0,
        "f":0.0
      },
      "cop":{
        "p":81.8181818182,
        "r":82.9787234043,
        "f":82.3943661972
      },
      "obl":{
        "p":42.073897497,
        "r":48.5557083906,
        "f":45.0830140485
      },
      "det":{
        "p":72.0698254364,
        "r":76.8617021277,
        "f":74.3886743887
      },
      "nmod":{
        "p":34.034416826,
        "r":26.5275707899,
        "f":29.8157453936
      },
      "compound:lvc":{
        "p":64.1025641026,
        "r":56.1797752809,
        "f":59.880239521
      },
      "compound":{
        "p":37.8600823045,
        "r":25.4847645429,
        "f":30.4635761589
      },
      "case":{
        "p":78.1081081081,
        "r":83.5260115607,
        "f":80.7262569832
      },
      "nummod":{
        "p":47.0588235294,
        "r":37.037037037,
        "f":41.4507772021
      },
      "advmod":{
        "p":51.7906336088,
        "r":54.9707602339,
        "f":53.3333333333
      },
      "advmod:emph":{
        "p":76.7741935484,
        "r":71.686746988,
        "f":74.1433021807
      },
      "compound:redup":{
        "p":33.3333333333,
        "r":14.8148148148,
        "f":20.5128205128
      },
      "acl":{
        "p":46.1240310078,
        "r":50.0,
        "f":47.9838709677
      },
      "mark":{
        "p":42.8571428571,
        "r":25.0,
        "f":31.5789473684
      },
      "cc":{
        "p":44.2176870748,
        "r":40.3726708075,
        "f":42.2077922078
      },
      "flat":{
        "p":48.3146067416,
        "r":52.7607361963,
        "f":50.4398826979
      },
      "discourse":{
        "p":94.1176470588,
        "r":38.0952380952,
        "f":54.2372881356
      },
      "appos":{
        "p":0.0,
        "r":0.0,
        "f":0.0
      },
      "dep":{
        "p":0.0,
        "r":0.0,
        "f":0.0
      },
      "aux:q":{
        "p":75.0,
        "r":75.0,
        "f":75.0
      },
      "ccomp":{
        "p":0.0,
        "r":0.0,
        "f":0.0
      },
      "fixed":{
        "p":0.0,
        "r":0.0,
        "f":0.0
      },
      "advcl":{
        "p":0.0,
        "r":0.0,
        "f":0.0
      }
    },
    "ents_f":0.0,
    "ents_p":0.0,
    "ents_r":0.0,
    "ents_per_type":{

    }
  },
  "vectors":{
    "width":0,
    "vectors":0,
    "keys":0,
    "name":"spacy_pretrained_vectors"
  },
  "name":"model0",
  "version":"0.0.0",
  "labels":{
    "tagger":[
      "ANum",
      "Abr",
      "Adj",
      "Adverb",
      "Conj",
      "Demons",
      "Det",
      "Dup",
      "Interj",
      "NAdj",
      "NNum",
      "Neg",
      "Ness",
      "Noun",
      "PCAbl",
      "PCAcc",
      "PCDat",
      "PCGen",
      "PCIns",
      "PCNom",
      "Pers",
      "Postp",
      "Prop",
      "Punc",
      "Quant",
      "Ques",
      "Reflex",
      "Rel",
      "Since",
      "Verb",
      "With",
      "Without",
      "Zero",
      "_SP"
    ],
    "parser":[
      "ROOT",
      "acl",
      "advmod",
      "advmod:emph",
      "amod",
      "appos",
      "aux:q",
      "case",
      "cc",
      "compound",
      "compound:lvc",
      "compound:redup",
      "conj",
      "cop",
      "dep",
      "det",
      "discourse",
      "flat",
      "mark",
      "nmod",
      "nmod:poss",
      "nsubj",
      "nummod",
      "obj",
      "obl",
      "punct"
    ],
    "ner":[

    ]
  }
}