{
  "lang":"tr",
  "pipeline":[
    "tagger",
    "parser",
    "ner"
  ],
  "spacy_version":">=2.3.4",
  "speed":{
    "nwords":10046,
    "cpu":7863.7983241788,
    "gpu":null
  },
  "accuracy":{
    "tags_acc":89.3987656779,
    "token_acc":100.0,
    "las":51.7671266037,
    "uas":62.9508593561,
    "las_per_type":{
      "root":{
        "p":70.1417004049,
        "r":70.1417004049,
        "f":70.1417004049
      },
      "nmod:poss":{
        "p":53.7151702786,
        "r":59.6219931271,
        "f":56.5146579805
      },
      "nsubj":{
        "p":37.7473363775,
        "r":37.3493975904,
        "f":37.5473126419
      },
      "conj":{
        "p":34.2261904762,
        "r":33.7738619677,
        "f":33.9985218034
      },
      "obj":{
        "p":47.721822542,
        "r":52.7152317881,
        "f":50.0943989931
      },
      "amod":{
        "p":52.1352313167,
        "r":53.663003663,
        "f":52.8880866426
      },
      "csubj":{
        "p":0.0,
        "r":0.0,
        "f":0.0
      },
      "cop":{
        "p":81.5068493151,
        "r":84.3971631206,
        "f":82.9268292683
      },
      "obl":{
        "p":43.2172869148,
        "r":49.5185694635,
        "f":46.1538461538
      },
      "det":{
        "p":72.75,
        "r":77.3936170213,
        "f":75.0
      },
      "nmod":{
        "p":36.1742424242,
        "r":28.4649776453,
        "f":31.859883236
      },
      "compound:lvc":{
        "p":67.0886075949,
        "r":59.5505617978,
        "f":63.0952380952
      },
      "compound":{
        "p":37.1428571429,
        "r":25.2077562327,
        "f":30.0330033003
      },
      "case":{
        "p":77.4193548387,
        "r":83.2369942197,
        "f":80.2228412256
      },
      "nummod":{
        "p":46.875,
        "r":41.6666666667,
        "f":44.1176470588
      },
      "advmod":{
        "p":53.0555555556,
        "r":55.8479532164,
        "f":54.415954416
      },
      "advmod:emph":{
        "p":76.7741935484,
        "r":71.686746988,
        "f":74.1433021807
      },
      "compound:redup":{
        "p":41.6666666667,
        "r":18.5185185185,
        "f":25.641025641
      },
      "acl":{
        "p":43.321299639,
        "r":50.4201680672,
        "f":46.6019417476
      },
      "mark":{
        "p":42.8571428571,
        "r":25.0,
        "f":31.5789473684
      },
      "cc":{
        "p":44.5945945946,
        "r":40.9937888199,
        "f":42.7184466019
      },
      "flat":{
        "p":48.5207100592,
        "r":50.3067484663,
        "f":49.3975903614
      },
      "discourse":{
        "p":78.9473684211,
        "r":35.7142857143,
        "f":49.1803278689
      },
      "appos":{
        "p":25.0,
        "r":10.0,
        "f":14.2857142857
      },
      "aux:q":{
        "p":80.0,
        "r":77.7777777778,
        "f":78.8732394366
      },
      "ccomp":{
        "p":0.0,
        "r":0.0,
        "f":0.0
      },
      "dep":{
        "p":0.0,
        "r":0.0,
        "f":0.0
      },
      "fixed":{
        "p":0.0,
        "r":0.0,
        "f":0.0
      },
      "advcl":{
        "p":0.0,
        "r":0.0,
        "f":0.0
      }
    },
    "ents_f":0.0,
    "ents_p":0.0,
    "ents_r":0.0,
    "ents_per_type":{

    }
  },
  "vectors":{
    "width":0,
    "vectors":0,
    "keys":0,
    "name":"spacy_pretrained_vectors"
  },
  "name":"model0",
  "version":"0.0.0",
  "labels":{
    "tagger":[
      "ANum",
      "Abr",
      "Adj",
      "Adverb",
      "Conj",
      "Demons",
      "Det",
      "Dup",
      "Interj",
      "NAdj",
      "NNum",
      "Neg",
      "Ness",
      "Noun",
      "PCAbl",
      "PCAcc",
      "PCDat",
      "PCGen",
      "PCIns",
      "PCNom",
      "Pers",
      "Postp",
      "Prop",
      "Punc",
      "Quant",
      "Ques",
      "Reflex",
      "Rel",
      "Since",
      "Verb",
      "With",
      "Without",
      "Zero",
      "_SP"
    ],
    "parser":[
      "ROOT",
      "acl",
      "advmod",
      "advmod:emph",
      "amod",
      "appos",
      "aux:q",
      "case",
      "cc",
      "compound",
      "compound:lvc",
      "compound:redup",
      "conj",
      "cop",
      "dep",
      "det",
      "discourse",
      "flat",
      "mark",
      "nmod",
      "nmod:poss",
      "nsubj",
      "nummod",
      "obj",
      "obl",
      "punct"
    ],
    "ner":[

    ]
  }
}