{
  "uas":62.7534039334,
  "las":51.5098335855,
  "las_per_type":{
    "root":{
      "p":69.7368421053,
      "r":69.7368421053,
      "f":69.7368421053
    },
    "nmod:poss":{
      "p":53.1722054381,
      "r":60.4810996564,
      "f":56.5916398714
    },
    "nsubj":{
      "p":37.7742946708,
      "r":36.2951807229,
      "f":37.019969278
    },
    "conj":{
      "p":34.3843843844,
      "r":33.6270190896,
      "f":34.001484781
    },
    "obj":{
      "p":48.0096501809,
      "r":52.7152317881,
      "f":50.2525252525
    },
    "amod":{
      "p":51.865008881,
      "r":53.4798534799,
      "f":52.6600541028
    },
    "csubj":{
      "p":0.0,
      "r":0.0,
      "f":0.0
    },
    "cop":{
      "p":82.6388888889,
      "r":84.3971631206,
      "f":83.5087719298
    },
    "obl":{
      "p":41.3953488372,
      "r":48.9683631362,
      "f":44.8645242596
    },
    "det":{
      "p":71.5710723192,
      "r":76.329787234,
      "f":73.8738738739
    },
    "nmod":{
      "p":34.6296296296,
      "r":27.868852459,
      "f":30.8835672998
    },
    "compound:lvc":{
      "p":67.1052631579,
      "r":57.3033707865,
      "f":61.8181818182
    },
    "compound":{
      "p":36.546184739,
      "r":25.2077562327,
      "f":29.8360655738
    },
    "case":{
      "p":77.9569892473,
      "r":83.8150289017,
      "f":80.7799442897
    },
    "nummod":{
      "p":47.3684210526,
      "r":41.6666666667,
      "f":44.3349753695
    },
    "advmod":{
      "p":53.7604456825,
      "r":56.432748538,
      "f":55.0641940086
    },
    "advmod:emph":{
      "p":76.7741935484,
      "r":71.686746988,
      "f":74.1433021807
    },
    "compound:redup":{
      "p":35.7142857143,
      "r":18.5185185185,
      "f":24.3902439024
    },
    "acl":{
      "p":45.703125,
      "r":49.1596638655,
      "f":47.3684210526
    },
    "mark":{
      "p":42.8571428571,
      "r":25.0,
      "f":31.5789473684
    },
    "cc":{
      "p":43.8356164384,
      "r":39.751552795,
      "f":41.6938110749
    },
    "flat":{
      "p":48.2558139535,
      "r":50.9202453988,
      "f":49.552238806
    },
    "discourse":{
      "p":84.2105263158,
      "r":38.0952380952,
      "f":52.4590163934
    },
    "appos":{
      "p":25.0,
      "r":10.0,
      "f":14.2857142857
    },
    "aux:q":{
      "p":80.0,
      "r":77.7777777778,
      "f":78.8732394366
    },
    "ccomp":{
      "p":0.0,
      "r":0.0,
      "f":0.0
    },
    "dep":{
      "p":0.0,
      "r":0.0,
      "f":0.0
    },
    "fixed":{
      "p":0.0,
      "r":0.0,
      "f":0.0
    },
    "advcl":{
      "p":0.0,
      "r":0.0,
      "f":0.0
    }
  },
  "ents_p":0.0,
  "ents_r":0.0,
  "ents_f":0.0,
  "ents_per_type":{

  },
  "tags_acc":89.3390404141,
  "token_acc":100.0,
  "textcat_score":0.0,
  "textcats_per_cat":{

  }
}