{
  "lang":"tr",
  "pipeline":[
    "tagger",
    "parser",
    "ner"
  ],
  "spacy_version":">=2.3.4",
  "speed":{
    "nwords":10046,
    "cpu":7654.7881057722,
    "gpu":null
  },
  "accuracy":{
    "tags_acc":89.4385825204,
    "token_acc":100.0,
    "las":51.7971680988,
    "uas":63.148977369,
    "las_per_type":{
      "root":{
        "p":70.5465587045,
        "r":70.5465587045,
        "f":70.5465587045
      },
      "nmod:poss":{
        "p":53.2407407407,
        "r":59.2783505155,
        "f":56.0975609756
      },
      "nsubj":{
        "p":38.0,
        "r":37.1987951807,
        "f":37.595129376
      },
      "conj":{
        "p":34.5454545455,
        "r":33.4801762115,
        "f":34.0044742729
      },
      "obj":{
        "p":47.0379146919,
        "r":52.582781457,
        "f":49.6560350219
      },
      "amod":{
        "p":52.2727272727,
        "r":54.7619047619,
        "f":53.488372093
      },
      "csubj":{
        "p":0.0,
        "r":0.0,
        "f":0.0
      },
      "cop":{
        "p":82.7586206897,
        "r":85.1063829787,
        "f":83.9160839161
      },
      "obl":{
        "p":43.1845597105,
        "r":49.2434662999,
        "f":46.0154241645
      },
      "det":{
        "p":73.1155778894,
        "r":77.3936170213,
        "f":75.1937984496
      },
      "nmod":{
        "p":35.5805243446,
        "r":28.3159463487,
        "f":31.5352697095
      },
      "compound:lvc":{
        "p":67.0886075949,
        "r":59.5505617978,
        "f":63.0952380952
      },
      "compound":{
        "p":37.2950819672,
        "r":25.2077562327,
        "f":30.0826446281
      },
      "case":{
        "p":78.0487804878,
        "r":83.2369942197,
        "f":80.5594405594
      },
      "nummod":{
        "p":46.3917525773,
        "r":41.6666666667,
        "f":43.9024390244
      },
      "advmod":{
        "p":53.1855955679,
        "r":56.1403508772,
        "f":54.6230440967
      },
      "advmod:emph":{
        "p":76.2820512821,
        "r":71.686746988,
        "f":73.9130434783
      },
      "compound:redup":{
        "p":38.4615384615,
        "r":18.5185185185,
        "f":25.0
      },
      "acl":{
        "p":44.3636363636,
        "r":51.2605042017,
        "f":47.5633528265
      },
      "mark":{
        "p":42.8571428571,
        "r":25.0,
        "f":31.5789473684
      },
      "cc":{
        "p":43.537414966,
        "r":39.751552795,
        "f":41.5584415584
      },
      "flat":{
        "p":47.9532163743,
        "r":50.3067484663,
        "f":49.1017964072
      },
      "discourse":{
        "p":78.9473684211,
        "r":35.7142857143,
        "f":49.1803278689
      },
      "appos":{
        "p":25.0,
        "r":10.0,
        "f":14.2857142857
      },
      "aux:q":{
        "p":80.0,
        "r":77.7777777778,
        "f":78.8732394366
      },
      "ccomp":{
        "p":0.0,
        "r":0.0,
        "f":0.0
      },
      "dep":{
        "p":0.0,
        "r":0.0,
        "f":0.0
      },
      "fixed":{
        "p":0.0,
        "r":0.0,
        "f":0.0
      },
      "advcl":{
        "p":0.0,
        "r":0.0,
        "f":0.0
      }
    },
    "ents_f":0.0,
    "ents_p":0.0,
    "ents_r":0.0,
    "ents_per_type":{

    }
  },
  "vectors":{
    "width":0,
    "vectors":0,
    "keys":0,
    "name":"spacy_pretrained_vectors"
  },
  "name":"model0",
  "version":"0.0.0",
  "labels":{
    "tagger":[
      "ANum",
      "Abr",
      "Adj",
      "Adverb",
      "Conj",
      "Demons",
      "Det",
      "Dup",
      "Interj",
      "NAdj",
      "NNum",
      "Neg",
      "Ness",
      "Noun",
      "PCAbl",
      "PCAcc",
      "PCDat",
      "PCGen",
      "PCIns",
      "PCNom",
      "Pers",
      "Postp",
      "Prop",
      "Punc",
      "Quant",
      "Ques",
      "Reflex",
      "Rel",
      "Since",
      "Verb",
      "With",
      "Without",
      "Zero",
      "_SP"
    ],
    "parser":[
      "ROOT",
      "acl",
      "advmod",
      "advmod:emph",
      "amod",
      "appos",
      "aux:q",
      "case",
      "cc",
      "compound",
      "compound:lvc",
      "compound:redup",
      "conj",
      "cop",
      "dep",
      "det",
      "discourse",
      "flat",
      "mark",
      "nmod",
      "nmod:poss",
      "nsubj",
      "nummod",
      "obj",
      "obl",
      "punct"
    ],
    "ner":[

    ]
  }
}