{
  "uas":63.0642623744,
  "las":51.676146678,
  "las_per_type":{
    "root":{
      "p":70.6477732794,
      "r":70.6477732794,
      "f":70.6477732794
    },
    "nmod:poss":{
      "p":53.8694992413,
      "r":60.9965635739,
      "f":57.2119258662
    },
    "nsubj":{
      "p":37.2340425532,
      "r":36.8975903614,
      "f":37.0650529501
    },
    "conj":{
      "p":33.8781575037,
      "r":33.4801762115,
      "f":33.6779911374
    },
    "obj":{
      "p":47.6997578692,
      "r":52.1854304636,
      "f":49.8418722328
    },
    "amod":{
      "p":51.5734265734,
      "r":54.0293040293,
      "f":52.7728085868
    },
    "csubj":{
      "p":0.0,
      "r":0.0,
      "f":0.0
    },
    "cop":{
      "p":81.5068493151,
      "r":84.3971631206,
      "f":82.9268292683
    },
    "obl":{
      "p":41.7647058824,
      "r":48.8308115543,
      "f":45.0221940393
    },
    "det":{
      "p":71.679197995,
      "r":76.0638297872,
      "f":73.8064516129
    },
    "nmod":{
      "p":34.4761904762,
      "r":26.9746646796,
      "f":30.2675585284
    },
    "compound:lvc":{
      "p":65.3846153846,
      "r":57.3033707865,
      "f":61.0778443114
    },
    "compound":{
      "p":38.3673469388,
      "r":26.0387811634,
      "f":31.0231023102
    },
    "case":{
      "p":78.4366576819,
      "r":84.1040462428,
      "f":81.1715481172
    },
    "nummod":{
      "p":45.8333333333,
      "r":40.7407407407,
      "f":43.137254902
    },
    "advmod":{
      "p":53.1855955679,
      "r":56.1403508772,
      "f":54.6230440967
    },
    "advmod:emph":{
      "p":76.4331210191,
      "r":72.2891566265,
      "f":74.3034055728
    },
    "compound:redup":{
      "p":23.0769230769,
      "r":11.1111111111,
      "f":15.0
    },
    "acl":{
      "p":46.484375,
      "r":50.0,
      "f":48.1781376518
    },
    "cc":{
      "p":47.2222222222,
      "r":42.2360248447,
      "f":44.5901639344
    },
    "flat":{
      "p":50.0,
      "r":52.7607361963,
      "f":51.3432835821
    },
    "discourse":{
      "p":84.2105263158,
      "r":38.0952380952,
      "f":52.4590163934
    },
    "appos":{
      "p":0.0,
      "r":0.0,
      "f":0.0
    },
    "aux:q":{
      "p":79.4117647059,
      "r":75.0,
      "f":77.1428571429
    },
    "ccomp":{
      "p":0.0,
      "r":0.0,
      "f":0.0
    },
    "dep":{
      "p":0.0,
      "r":0.0,
      "f":0.0
    },
    "mark":{
      "p":50.0,
      "r":25.0,
      "f":33.3333333333
    },
    "fixed":{
      "p":0.0,
      "r":0.0,
      "f":0.0
    },
    "advcl":{
      "p":0.0,
      "r":0.0,
      "f":0.0
    }
  },
  "ents_p":0.0,
  "ents_r":0.0,
  "ents_f":0.0,
  "ents_per_type":{

  },
  "tags_acc":89.3489946247,
  "token_acc":100.0,
  "textcat_score":0.0,
  "textcats_per_cat":{

  }
}