{
  "uas":49.2199356523,
  "las":28.3615613428,
  "las_per_type":{
    "root":{
      "p":55.4655870445,
      "r":55.4655870445,
      "f":55.4655870445
    },
    "nmod:poss":{
      "p":24.9762583096,
      "r":45.1890034364,
      "f":32.1712538226
    },
    "nsubj":{
      "p":16.2839248434,
      "r":11.7469879518,
      "f":13.6482939633
    },
    "conj":{
      "p":15.0957290133,
      "r":30.1027900147,
      "f":20.1078960275
    },
    "obl":{
      "p":12.467191601,
      "r":13.0674002751,
      "f":12.760241773
    },
    "obj":{
      "p":25.3521126761,
      "r":26.2251655629,
      "f":25.78125
    },
    "amod":{
      "p":19.0,
      "r":10.4395604396,
      "f":13.475177305
    },
    "csubj":{
      "p":0.0,
      "r":0.0,
      "f":0.0
    },
    "cop":{
      "p":42.8571428571,
      "r":53.1914893617,
      "f":47.4683544304
    },
    "case":{
      "p":51.6556291391,
      "r":67.6300578035,
      "f":58.5732165207
    },
    "det":{
      "p":51.6695957821,
      "r":78.1914893617,
      "f":62.2222222222
    },
    "nmod":{
      "p":11.2781954887,
      "r":4.4709388972,
      "f":6.4034151547
    },
    "compound:lvc":{
      "p":33.3333333333,
      "r":2.2471910112,
      "f":4.2105263158
    },
    "compound":{
      "p":6.2068965517,
      "r":4.9861495845,
      "f":5.5299539171
    },
    "nummod":{
      "p":0.0,
      "r":0.0,
      "f":0.0
    },
    "advmod":{
      "p":28.2608695652,
      "r":11.4035087719,
      "f":16.25
    },
    "advmod:emph":{
      "p":63.0573248408,
      "r":59.6385542169,
      "f":61.3003095975
    },
    "compound:redup":{
      "p":0.0,
      "r":0.0,
      "f":0.0
    },
    "acl":{
      "p":16.4705882353,
      "r":5.8823529412,
      "f":8.6687306502
    },
    "flat":{
      "p":18.6507936508,
      "r":28.8343558282,
      "f":22.6506024096
    },
    "cc":{
      "p":44.4444444444,
      "r":24.8447204969,
      "f":31.8725099602
    },
    "discourse":{
      "p":0.0,
      "r":0.0,
      "f":0.0
    },
    "appos":{
      "p":0.0,
      "r":0.0,
      "f":0.0
    },
    "aux:q":{
      "p":0.0,
      "r":0.0,
      "f":0.0
    },
    "ccomp":{
      "p":0.0,
      "r":0.0,
      "f":0.0
    },
    "mark":{
      "p":0.0,
      "r":0.0,
      "f":0.0
    },
    "fixed":{
      "p":0.0,
      "r":0.0,
      "f":0.0
    },
    "advcl":{
      "p":0.0,
      "r":0.0,
      "f":0.0
    }
  },
  "ents_p":0.0,
  "ents_r":0.0,
  "ents_f":0.0,
  "ents_per_type":{

  },
  "tags_acc":82.3412303404,
  "token_acc":100.0,
  "textcat_score":0.0,
  "textcats_per_cat":{

  }
}