{
  "uas":63.0400580903,
  "las":51.4583081205,
  "las_per_type":{
    "root":{
      "p":70.2429149798,
      "r":70.2429149798,
      "f":70.2429149798
    },
    "nmod:poss":{
      "p":52.4158125915,
      "r":61.5120274914,
      "f":56.6007905138
    },
    "nsubj":{
      "p":37.556561086,
      "r":37.5,
      "f":37.5282592313
    },
    "conj":{
      "p":34.4725111441,
      "r":34.0675477239,
      "f":34.2688330871
    },
    "obj":{
      "p":46.6827503016,
      "r":51.2582781457,
      "f":48.8636363636
    },
    "amod":{
      "p":51.6464471404,
      "r":54.5787545788,
      "f":53.072128228
    },
    "csubj":{
      "p":0.0,
      "r":0.0,
      "f":0.0
    },
    "cop":{
      "p":82.5174825175,
      "r":83.6879432624,
      "f":83.0985915493
    },
    "obl":{
      "p":42.3913043478,
      "r":48.280605227,
      "f":45.1446945338
    },
    "det":{
      "p":71.9602977667,
      "r":77.1276595745,
      "f":74.4544287548
    },
    "nmod":{
      "p":33.7121212121,
      "r":26.5275707899,
      "f":29.6914095079
    },
    "compound:lvc":{
      "p":61.7283950617,
      "r":56.1797752809,
      "f":58.8235294118
    },
    "compound":{
      "p":39.1489361702,
      "r":25.4847645429,
      "f":30.8724832215
    },
    "case":{
      "p":77.897574124,
      "r":83.5260115607,
      "f":80.6136680614
    },
    "nummod":{
      "p":46.9879518072,
      "r":36.1111111111,
      "f":40.8376963351
    },
    "advmod":{
      "p":53.1073446328,
      "r":54.9707602339,
      "f":54.0229885057
    },
    "advmod:emph":{
      "p":75.7961783439,
      "r":71.686746988,
      "f":73.6842105263
    },
    "compound:redup":{
      "p":27.2727272727,
      "r":11.1111111111,
      "f":15.7894736842
    },
    "acl":{
      "p":46.7181467181,
      "r":50.8403361345,
      "f":48.6921529175
    },
    "mark":{
      "p":42.8571428571,
      "r":25.0,
      "f":31.5789473684
    },
    "cc":{
      "p":45.2054794521,
      "r":40.9937888199,
      "f":42.996742671
    },
    "flat":{
      "p":47.4576271186,
      "r":51.5337423313,
      "f":49.4117647059
    },
    "discourse":{
      "p":88.2352941176,
      "r":35.7142857143,
      "f":50.8474576271
    },
    "appos":{
      "p":0.0,
      "r":0.0,
      "f":0.0
    },
    "dep":{
      "p":0.0,
      "r":0.0,
      "f":0.0
    },
    "aux:q":{
      "p":77.7777777778,
      "r":77.7777777778,
      "f":77.7777777778
    },
    "ccomp":{
      "p":0.0,
      "r":0.0,
      "f":0.0
    },
    "fixed":{
      "p":0.0,
      "r":0.0,
      "f":0.0
    },
    "advcl":{
      "p":0.0,
      "r":0.0,
      "f":0.0
    }
  },
  "ents_p":0.0,
  "ents_r":0.0,
  "ents_f":0.0,
  "ents_per_type":{

  },
  "tags_acc":89.1300019908,
  "token_acc":100.0,
  "textcat_score":0.0,
  "textcats_per_cat":{

  }
}