{
  "uas":62.6323751891,
  "las":50.7594553707,
  "las_per_type":{
    "root":{
      "p":70.1417004049,
      "r":70.1417004049,
      "f":70.1417004049
    },
    "nmod:poss":{
      "p":53.6953242836,
      "r":61.1683848797,
      "f":57.1887550201
    },
    "nsubj":{
      "p":36.292834891,
      "r":35.0903614458,
      "f":35.6814701378
    },
    "conj":{
      "p":32.9545454545,
      "r":34.0675477239,
      "f":33.5018050542
    },
    "obj":{
      "p":46.0071513707,
      "r":51.1258278146,
      "f":48.4316185696
    },
    "amod":{
      "p":50.7745266781,
      "r":54.0293040293,
      "f":52.3513753327
    },
    "csubj":{
      "p":0.0,
      "r":0.0,
      "f":0.0
    },
    "cop":{
      "p":81.1188811189,
      "r":82.2695035461,
      "f":81.6901408451
    },
    "det":{
      "p":71.7444717445,
      "r":77.6595744681,
      "f":74.5849297573
    },
    "nmod":{
      "p":34.4129554656,
      "r":25.3353204173,
      "f":29.1845493562
    },
    "compound:lvc":{
      "p":62.6506024096,
      "r":58.4269662921,
      "f":60.4651162791
    },
    "compound":{
      "p":37.9464285714,
      "r":23.5457063712,
      "f":29.0598290598
    },
    "obl":{
      "p":39.4919168591,
      "r":47.0426409904,
      "f":42.9378531073
    },
    "case":{
      "p":76.0526315789,
      "r":83.5260115607,
      "f":79.6143250689
    },
    "nummod":{
      "p":46.9135802469,
      "r":35.1851851852,
      "f":40.2116402116
    },
    "advmod":{
      "p":51.6759776536,
      "r":54.0935672515,
      "f":52.8571428571
    },
    "advmod:emph":{
      "p":75.0,
      "r":72.2891566265,
      "f":73.6196319018
    },
    "compound:redup":{
      "p":44.4444444444,
      "r":14.8148148148,
      "f":22.2222222222
    },
    "acl":{
      "p":47.0355731225,
      "r":50.0,
      "f":48.4725050916
    },
    "cc":{
      "p":42.8571428571,
      "r":37.2670807453,
      "f":39.8671096346
    },
    "flat":{
      "p":46.3276836158,
      "r":50.3067484663,
      "f":48.2352941176
    },
    "discourse":{
      "p":87.5,
      "r":33.3333333333,
      "f":48.275862069
    },
    "appos":{
      "p":0.0,
      "r":0.0,
      "f":0.0
    },
    "aux:q":{
      "p":76.3157894737,
      "r":80.5555555556,
      "f":78.3783783784
    },
    "ccomp":{
      "p":0.0,
      "r":0.0,
      "f":0.0
    },
    "mark":{
      "p":50.0,
      "r":16.6666666667,
      "f":25.0
    },
    "fixed":{
      "p":0.0,
      "r":0.0,
      "f":0.0
    },
    "dep":{
      "p":0.0,
      "r":0.0,
      "f":0.0
    },
    "advcl":{
      "p":0.0,
      "r":0.0,
      "f":0.0
    }
  },
  "ents_p":0.0,
  "ents_r":0.0,
  "ents_f":0.0,
  "ents_per_type":{

  },
  "tags_acc":89.0901851483,
  "token_acc":100.0,
  "textcat_score":0.0,
  "textcats_per_cat":{

  }
}