{
  "lang":"tr",
  "pipeline":[
    "tagger",
    "parser",
    "ner"
  ],
  "spacy_version":">=2.3.4",
  "speed":{
    "nwords":10046,
    "cpu":7180.5088140281,
    "gpu":null
  },
  "accuracy":{
    "tags_acc":89.0503683058,
    "token_acc":100.0,
    "las":51.1073460002,
    "uas":62.5801766913,
    "las_per_type":{
      "root":{
        "p":70.1417004049,
        "r":70.1417004049,
        "f":70.1417004049
      },
      "nmod:poss":{
        "p":52.7326440177,
        "r":61.3402061856,
        "f":56.7116759333
      },
      "nsubj":{
        "p":36.4885496183,
        "r":35.9939759036,
        "f":36.2395754359
      },
      "conj":{
        "p":33.6296296296,
        "r":33.3333333333,
        "f":33.4808259587
      },
      "obj":{
        "p":46.329723225,
        "r":50.9933774834,
        "f":48.5498108449
      },
      "amod":{
        "p":50.7772020725,
        "r":53.8461538462,
        "f":52.2666666667
      },
      "csubj":{
        "p":0.0,
        "r":0.0,
        "f":0.0
      },
      "cop":{
        "p":82.2695035461,
        "r":82.2695035461,
        "f":82.2695035461
      },
      "obl":{
        "p":41.28113879,
        "r":47.8679504814,
        "f":44.3312101911
      },
      "det":{
        "p":71.8518518519,
        "r":77.3936170213,
        "f":74.5198463508
      },
      "nmod":{
        "p":35.2713178295,
        "r":27.1236959762,
        "f":30.6655433867
      },
      "compound:lvc":{
        "p":61.7283950617,
        "r":56.1797752809,
        "f":58.8235294118
      },
      "compound":{
        "p":37.1308016878,
        "r":24.3767313019,
        "f":29.4314381271
      },
      "case":{
        "p":78.1081081081,
        "r":83.5260115607,
        "f":80.7262569832
      },
      "nummod":{
        "p":47.5609756098,
        "r":36.1111111111,
        "f":41.0526315789
      },
      "advmod":{
        "p":52.9411764706,
        "r":55.2631578947,
        "f":54.0772532189
      },
      "advmod:emph":{
        "p":75.641025641,
        "r":71.0843373494,
        "f":73.2919254658
      },
      "compound:redup":{
        "p":40.0,
        "r":14.8148148148,
        "f":21.6216216216
      },
      "acl":{
        "p":46.9230769231,
        "r":51.2605042017,
        "f":48.9959839357
      },
      "mark":{
        "p":37.5,
        "r":25.0,
        "f":30.0
      },
      "cc":{
        "p":44.8979591837,
        "r":40.9937888199,
        "f":42.8571428571
      },
      "flat":{
        "p":45.7627118644,
        "r":49.6932515337,
        "f":47.6470588235
      },
      "discourse":{
        "p":83.3333333333,
        "r":35.7142857143,
        "f":50.0
      },
      "appos":{
        "p":0.0,
        "r":0.0,
        "f":0.0
      },
      "dep":{
        "p":0.0,
        "r":0.0,
        "f":0.0
      },
      "aux:q":{
        "p":75.0,
        "r":75.0,
        "f":75.0
      },
      "ccomp":{
        "p":0.0,
        "r":0.0,
        "f":0.0
      },
      "fixed":{
        "p":0.0,
        "r":0.0,
        "f":0.0
      },
      "advcl":{
        "p":0.0,
        "r":0.0,
        "f":0.0
      }
    },
    "ents_f":0.0,
    "ents_p":0.0,
    "ents_r":0.0,
    "ents_per_type":{

    }
  },
  "vectors":{
    "width":0,
    "vectors":0,
    "keys":0,
    "name":"spacy_pretrained_vectors"
  },
  "name":"model0",
  "version":"0.0.0",
  "labels":{
    "tagger":[
      "ANum",
      "Abr",
      "Adj",
      "Adverb",
      "Conj",
      "Demons",
      "Det",
      "Dup",
      "Interj",
      "NAdj",
      "NNum",
      "Neg",
      "Ness",
      "Noun",
      "PCAbl",
      "PCAcc",
      "PCDat",
      "PCGen",
      "PCIns",
      "PCNom",
      "Pers",
      "Postp",
      "Prop",
      "Punc",
      "Quant",
      "Ques",
      "Reflex",
      "Rel",
      "Since",
      "Verb",
      "With",
      "Without",
      "Zero",
      "_SP"
    ],
    "parser":[
      "ROOT",
      "acl",
      "advmod",
      "advmod:emph",
      "amod",
      "appos",
      "aux:q",
      "case",
      "cc",
      "compound",
      "compound:lvc",
      "compound:redup",
      "conj",
      "cop",
      "dep",
      "det",
      "discourse",
      "flat",
      "mark",
      "nmod",
      "nmod:poss",
      "nsubj",
      "nummod",
      "obj",
      "obl",
      "punct"
    ],
    "ner":[

    ]
  }
}