{
  "uas":62.6596452999,
  "las":50.444888324,
  "las_per_type":{
    "root":{
      "p":71.0526315789,
      "r":71.0526315789,
      "f":71.0526315789
    },
    "nmod:poss":{
      "p":53.8575667656,
      "r":62.3711340206,
      "f":57.8025477707
    },
    "nsubj":{
      "p":37.7850162866,
      "r":34.9397590361,
      "f":36.3067292645
    },
    "conj":{
      "p":31.1888111888,
      "r":32.7459618209,
      "f":31.9484240688
    },
    "obj":{
      "p":45.9649122807,
      "r":52.0529801325,
      "f":48.8198757764
    },
    "amod":{
      "p":51.0714285714,
      "r":52.380952381,
      "f":51.7179023508
    },
    "csubj":{
      "p":0.0,
      "r":0.0,
      "f":0.0
    },
    "cop":{
      "p":79.1366906475,
      "r":78.0141843972,
      "f":78.5714285714
    },
    "det":{
      "p":68.6460807601,
      "r":76.8617021277,
      "f":72.52195734
    },
    "nmod":{
      "p":32.8421052632,
      "r":23.2488822653,
      "f":27.2251308901
    },
    "compound:lvc":{
      "p":62.6666666667,
      "r":52.808988764,
      "f":57.3170731707
    },
    "compound":{
      "p":36.8888888889,
      "r":22.9916897507,
      "f":28.3276450512
    },
    "obl":{
      "p":38.199780461,
      "r":47.8679504814,
      "f":42.4908424908
    },
    "case":{
      "p":75.8620689655,
      "r":82.6589595376,
      "f":79.1147994467
    },
    "nummod":{
      "p":52.7027027027,
      "r":36.1111111111,
      "f":42.8571428571
    },
    "advmod":{
      "p":51.4450867052,
      "r":52.0467836257,
      "f":51.7441860465
    },
    "advmod:emph":{
      "p":75.4601226994,
      "r":74.0963855422,
      "f":74.7720364742
    },
    "compound:redup":{
      "p":50.0,
      "r":11.1111111111,
      "f":18.1818181818
    },
    "acl":{
      "p":48.5829959514,
      "r":50.4201680672,
      "f":49.4845360825
    },
    "mark":{
      "p":40.0,
      "r":16.6666666667,
      "f":23.5294117647
    },
    "cc":{
      "p":43.661971831,
      "r":38.5093167702,
      "f":40.9240924092
    },
    "flat":{
      "p":44.0860215054,
      "r":50.3067484663,
      "f":46.9914040115
    },
    "discourse":{
      "p":76.9230769231,
      "r":23.8095238095,
      "f":36.3636363636
    },
    "appos":{
      "p":0.0,
      "r":0.0,
      "f":0.0
    },
    "aux:q":{
      "p":78.9473684211,
      "r":83.3333333333,
      "f":81.0810810811
    },
    "ccomp":{
      "p":0.0,
      "r":0.0,
      "f":0.0
    },
    "fixed":{
      "p":0.0,
      "r":0.0,
      "f":0.0
    },
    "dep":{
      "p":0.0,
      "r":0.0,
      "f":0.0
    },
    "advcl":{
      "p":0.0,
      "r":0.0,
      "f":0.0
    }
  },
  "ents_p":0.0,
  "ents_r":0.0,
  "ents_f":0.0,
  "ents_per_type":{

  },
  "tags_acc":89.1200477802,
  "token_acc":100.0,
  "textcat_score":0.0,
  "textcats_per_cat":{

  }
}