{
  "lang":"tr",
  "pipeline":[
    "tagger",
    "parser",
    "ner"
  ],
  "spacy_version":">=2.3.4",
  "speed":{
    "nwords":10046,
    "cpu":7751.9391808443,
    "gpu":null
  },
  "accuracy":{
    "tags_acc":88.9707346207,
    "token_acc":100.0,
    "las":50.5054173476,
    "uas":62.9138671993,
    "las_per_type":{
      "root":{
        "p":70.951417004,
        "r":70.951417004,
        "f":70.951417004
      },
      "nmod:poss":{
        "p":52.9839883552,
        "r":62.5429553265,
        "f":57.3680063042
      },
      "nsubj":{
        "p":38.1493506494,
        "r":35.3915662651,
        "f":36.71875
      },
      "conj":{
        "p":31.3672922252,
        "r":34.3612334802,
        "f":32.7960756833
      },
      "obj":{
        "p":45.798816568,
        "r":51.2582781457,
        "f":48.375
      },
      "amod":{
        "p":51.5653775322,
        "r":51.2820512821,
        "f":51.4233241506
      },
      "csubj":{
        "p":0.0,
        "r":0.0,
        "f":0.0
      },
      "cop":{
        "p":81.2949640288,
        "r":80.1418439716,
        "f":80.7142857143
      },
      "det":{
        "p":68.009478673,
        "r":76.329787234,
        "f":71.9298245614
      },
      "nmod":{
        "p":33.9743589744,
        "r":23.695976155,
        "f":27.9192273924
      },
      "compound:lvc":{
        "p":62.6666666667,
        "r":52.808988764,
        "f":57.3170731707
      },
      "compound":{
        "p":37.962962963,
        "r":22.7146814404,
        "f":28.4228769497
      },
      "obl":{
        "p":38.4105960265,
        "r":47.8679504814,
        "f":42.6209430496
      },
      "case":{
        "p":75.5905511811,
        "r":83.2369942197,
        "f":79.2297111417
      },
      "nummod":{
        "p":53.5211267606,
        "r":35.1851851852,
        "f":42.4581005587
      },
      "advmod":{
        "p":51.5942028986,
        "r":52.0467836257,
        "f":51.8195050946
      },
      "advmod:emph":{
        "p":75.4601226994,
        "r":74.0963855422,
        "f":74.7720364742
      },
      "compound:redup":{
        "p":50.0,
        "r":11.1111111111,
        "f":18.1818181818
      },
      "acl":{
        "p":47.3684210526,
        "r":49.1596638655,
        "f":48.2474226804
      },
      "cc":{
        "p":47.1428571429,
        "r":40.9937888199,
        "f":43.853820598
      },
      "flat":{
        "p":42.2680412371,
        "r":50.3067484663,
        "f":45.9383753501
      },
      "discourse":{
        "p":73.3333333333,
        "r":26.1904761905,
        "f":38.5964912281
      },
      "appos":{
        "p":0.0,
        "r":0.0,
        "f":0.0
      },
      "aux:q":{
        "p":80.0,
        "r":77.7777777778,
        "f":78.8732394366
      },
      "ccomp":{
        "p":0.0,
        "r":0.0,
        "f":0.0
      },
      "mark":{
        "p":50.0,
        "r":8.3333333333,
        "f":14.2857142857
      },
      "fixed":{
        "p":0.0,
        "r":0.0,
        "f":0.0
      },
      "dep":{
        "p":0.0,
        "r":0.0,
        "f":0.0
      },
      "advcl":{
        "p":0.0,
        "r":0.0,
        "f":0.0
      }
    },
    "ents_f":0.0,
    "ents_p":0.0,
    "ents_r":0.0,
    "ents_per_type":{

    }
  },
  "vectors":{
    "width":0,
    "vectors":0,
    "keys":0,
    "name":"spacy_pretrained_vectors"
  },
  "name":"model0",
  "version":"0.0.0",
  "labels":{
    "tagger":[
      "ANum",
      "Abr",
      "Adj",
      "Adverb",
      "Conj",
      "Demons",
      "Det",
      "Dup",
      "Interj",
      "NAdj",
      "NNum",
      "Neg",
      "Ness",
      "Noun",
      "PCAbl",
      "PCAcc",
      "PCDat",
      "PCGen",
      "PCIns",
      "PCNom",
      "Pers",
      "Postp",
      "Prop",
      "Punc",
      "Quant",
      "Ques",
      "Reflex",
      "Rel",
      "Since",
      "Verb",
      "With",
      "Without",
      "Zero",
      "_SP"
    ],
    "parser":[
      "ROOT",
      "acl",
      "advmod",
      "advmod:emph",
      "amod",
      "appos",
      "aux:q",
      "case",
      "cc",
      "compound",
      "compound:lvc",
      "compound:redup",
      "conj",
      "cop",
      "dep",
      "det",
      "discourse",
      "flat",
      "mark",
      "nmod",
      "nmod:poss",
      "nsubj",
      "nummod",
      "obj",
      "obl",
      "punct"
    ],
    "ner":[

    ]
  }
}