{
  "uas":62.3637684669,
  "las":49.3581981109,
  "las_per_type":{
    "root":{
      "p":70.2429149798,
      "r":70.2429149798,
      "f":70.2429149798
    },
    "nmod:poss":{
      "p":52.0336605891,
      "r":63.7457044674,
      "f":57.2972972973
    },
    "nsubj":{
      "p":35.1046698873,
      "r":32.8313253012,
      "f":33.9299610895
    },
    "conj":{
      "p":30.4347826087,
      "r":31.8649045521,
      "f":31.1334289813
    },
    "obj":{
      "p":44.9003516999,
      "r":50.7284768212,
      "f":47.6368159204
    },
    "amod":{
      "p":50.4761904762,
      "r":48.5347985348,
      "f":49.4864612512
    },
    "csubj":{
      "p":0.0,
      "r":0.0,
      "f":0.0
    },
    "cop":{
      "p":81.4285714286,
      "r":80.8510638298,
      "f":81.1387900356
    },
    "det":{
      "p":67.9245283019,
      "r":76.5957446809,
      "f":72.0
    },
    "nmod":{
      "p":33.1065759637,
      "r":21.7585692996,
      "f":26.2589928058
    },
    "compound:lvc":{
      "p":58.75,
      "r":52.808988764,
      "f":55.6213017751
    },
    "compound":{
      "p":38.1215469613,
      "r":19.1135734072,
      "f":25.4612546125
    },
    "obl":{
      "p":36.1370716511,
      "r":47.8679504814,
      "f":41.1834319527
    },
    "case":{
      "p":75.2604166667,
      "r":83.5260115607,
      "f":79.1780821918
    },
    "nummod":{
      "p":53.125,
      "r":31.4814814815,
      "f":39.5348837209
    },
    "advmod":{
      "p":50.8823529412,
      "r":50.5847953216,
      "f":50.7331378299
    },
    "advmod:emph":{
      "p":68.5714285714,
      "r":72.2891566265,
      "f":70.3812316716
    },
    "compound:redup":{
      "p":37.5,
      "r":11.1111111111,
      "f":17.1428571429
    },
    "acl":{
      "p":45.0199203187,
      "r":47.4789915966,
      "f":46.2167689162
    },
    "cc":{
      "p":44.6043165468,
      "r":38.5093167702,
      "f":41.3333333333
    },
    "flat":{
      "p":44.2211055276,
      "r":53.9877300613,
      "f":48.6187845304
    },
    "discourse":{
      "p":66.6666666667,
      "r":14.2857142857,
      "f":23.5294117647
    },
    "appos":{
      "p":0.0,
      "r":0.0,
      "f":0.0
    },
    "aux:q":{
      "p":79.4117647059,
      "r":75.0,
      "f":77.1428571429
    },
    "ccomp":{
      "p":0.0,
      "r":0.0,
      "f":0.0
    },
    "mark":{
      "p":100.0,
      "r":8.3333333333,
      "f":15.3846153846
    },
    "fixed":{
      "p":0.0,
      "r":0.0,
      "f":0.0
    },
    "advcl":{
      "p":0.0,
      "r":0.0,
      "f":0.0
    },
    "dep":{
      "p":0.0,
      "r":0.0,
      "f":0.0
    }
  },
  "ents_p":0.0,
  "ents_r":0.0,
  "ents_f":0.0,
  "ents_per_type":{

  },
  "tags_acc":88.7915588294,
  "token_acc":100.0,
  "textcat_score":0.0,
  "textcats_per_cat":{

  }
}