{
  "lang":"tr",
  "pipeline":[
    "tagger",
    "parser",
    "ner"
  ],
  "spacy_version":">=2.3.4",
  "speed":{
    "nwords":10046,
    "cpu":7876.4413256479,
    "gpu":null
  },
  "accuracy":{
    "tags_acc":88.9408719889,
    "token_acc":100.0,
    "las":49.579272353,
    "uas":62.328228101,
    "las_per_type":{
      "root":{
        "p":70.1417004049,
        "r":70.1417004049,
        "f":70.1417004049
      },
      "nmod:poss":{
        "p":52.5107604017,
        "r":62.8865979381,
        "f":57.2322126661
      },
      "nsubj":{
        "p":36.704730832,
        "r":33.8855421687,
        "f":35.2388410337
      },
      "conj":{
        "p":30.737704918,
        "r":33.0396475771,
        "f":31.847133758
      },
      "obj":{
        "p":44.6153846154,
        "r":49.9337748344,
        "f":47.125
      },
      "amod":{
        "p":50.7547169811,
        "r":49.2673992674,
        "f":50.0
      },
      "csubj":{
        "p":0.0,
        "r":0.0,
        "f":0.0
      },
      "cop":{
        "p":81.7518248175,
        "r":79.4326241135,
        "f":80.5755395683
      },
      "det":{
        "p":68.5579196217,
        "r":77.1276595745,
        "f":72.590738423
      },
      "nmod":{
        "p":32.7472527473,
        "r":22.2056631893,
        "f":26.4653641208
      },
      "compound:lvc":{
        "p":59.0361445783,
        "r":55.0561797753,
        "f":56.976744186
      },
      "compound":{
        "p":38.829787234,
        "r":20.2216066482,
        "f":26.5938069217
      },
      "obl":{
        "p":35.6309650053,
        "r":46.2173314993,
        "f":40.2395209581
      },
      "case":{
        "p":76.8617021277,
        "r":83.5260115607,
        "f":80.055401662
      },
      "nummod":{
        "p":52.1739130435,
        "r":33.3333333333,
        "f":40.6779661017
      },
      "advmod":{
        "p":49.4318181818,
        "r":50.8771929825,
        "f":50.144092219
      },
      "advmod:emph":{
        "p":71.7647058824,
        "r":73.4939759036,
        "f":72.619047619
      },
      "compound:redup":{
        "p":50.0,
        "r":14.8148148148,
        "f":22.8571428571
      },
      "acl":{
        "p":46.9879518072,
        "r":49.1596638655,
        "f":48.0492813142
      },
      "cc":{
        "p":46.4788732394,
        "r":40.9937888199,
        "f":43.5643564356
      },
      "flat":{
        "p":43.7810945274,
        "r":53.9877300613,
        "f":48.3516483516
      },
      "discourse":{
        "p":80.0,
        "r":19.0476190476,
        "f":30.7692307692
      },
      "appos":{
        "p":0.0,
        "r":0.0,
        "f":0.0
      },
      "aux:q":{
        "p":76.4705882353,
        "r":72.2222222222,
        "f":74.2857142857
      },
      "ccomp":{
        "p":0.0,
        "r":0.0,
        "f":0.0
      },
      "mark":{
        "p":50.0,
        "r":8.3333333333,
        "f":14.2857142857
      },
      "fixed":{
        "p":0.0,
        "r":0.0,
        "f":0.0
      },
      "dep":{
        "p":0.0,
        "r":0.0,
        "f":0.0
      },
      "advcl":{
        "p":0.0,
        "r":0.0,
        "f":0.0
      }
    },
    "ents_f":0.0,
    "ents_p":0.0,
    "ents_r":0.0,
    "ents_per_type":{

    }
  },
  "vectors":{
    "width":0,
    "vectors":0,
    "keys":0,
    "name":"spacy_pretrained_vectors"
  },
  "name":"model0",
  "version":"0.0.0",
  "labels":{
    "tagger":[
      "ANum",
      "Abr",
      "Adj",
      "Adverb",
      "Conj",
      "Demons",
      "Det",
      "Dup",
      "Interj",
      "NAdj",
      "NNum",
      "Neg",
      "Ness",
      "Noun",
      "PCAbl",
      "PCAcc",
      "PCDat",
      "PCGen",
      "PCIns",
      "PCNom",
      "Pers",
      "Postp",
      "Prop",
      "Punc",
      "Quant",
      "Ques",
      "Reflex",
      "Rel",
      "Since",
      "Verb",
      "With",
      "Without",
      "Zero",
      "_SP"
    ],
    "parser":[
      "ROOT",
      "acl",
      "advmod",
      "advmod:emph",
      "amod",
      "appos",
      "aux:q",
      "case",
      "cc",
      "compound",
      "compound:lvc",
      "compound:redup",
      "conj",
      "cop",
      "dep",
      "det",
      "discourse",
      "flat",
      "mark",
      "nmod",
      "nmod:poss",
      "nsubj",
      "nummod",
      "obj",
      "obl",
      "punct"
    ],
    "ner":[

    ]
  }
}