{
  "lang":"tr",
  "pipeline":[
    "tagger",
    "parser",
    "ner"
  ],
  "spacy_version":">=2.3.4",
  "speed":{
    "nwords":10046,
    "cpu":5380.7046730664,
    "gpu":null
  },
  "accuracy":{
    "tags_acc":88.0250846108,
    "token_acc":100.0,
    "las":46.4119178829,
    "uas":60.4856779507,
    "las_per_type":{
      "root":{
        "p":68.4210526316,
        "r":68.4210526316,
        "f":68.4210526316
      },
      "nmod:poss":{
        "p":46.8911917098,
        "r":62.1993127148,
        "f":53.4711964549
      },
      "nsubj":{
        "p":33.0948121646,
        "r":27.8614457831,
        "f":30.2534750613
      },
      "conj":{
        "p":27.5820170109,
        "r":33.3333333333,
        "f":30.1861702128
      },
      "obj":{
        "p":41.134751773,
        "r":46.0927152318,
        "f":43.4728294816
      },
      "amod":{
        "p":45.3333333333,
        "r":43.5897435897,
        "f":44.4444444444
      },
      "csubj":{
        "p":0.0,
        "r":0.0,
        "f":0.0
      },
      "cop":{
        "p":76.8656716418,
        "r":73.0496453901,
        "f":74.9090909091
      },
      "det":{
        "p":68.4331797235,
        "r":78.9893617021,
        "f":73.3333333333
      },
      "nmod":{
        "p":29.6495956873,
        "r":16.393442623,
        "f":21.113243762
      },
      "compound:lvc":{
        "p":56.4102564103,
        "r":49.4382022472,
        "f":52.6946107784
      },
      "compound":{
        "p":29.3706293706,
        "r":11.6343490305,
        "f":16.6666666667
      },
      "obl":{
        "p":31.425800194,
        "r":44.5667125172,
        "f":36.8600682594
      },
      "case":{
        "p":71.0396039604,
        "r":82.9479768786,
        "f":76.5333333333
      },
      "nummod":{
        "p":54.1666666667,
        "r":24.0740740741,
        "f":33.3333333333
      },
      "advmod":{
        "p":55.0173010381,
        "r":46.4912280702,
        "f":50.3961965135
      },
      "advmod:emph":{
        "p":65.5555555556,
        "r":71.0843373494,
        "f":68.2080924855
      },
      "compound:redup":{
        "p":0.0,
        "r":0.0,
        "f":0.0
      },
      "acl":{
        "p":45.2586206897,
        "r":44.1176470588,
        "f":44.6808510638
      },
      "cc":{
        "p":48.4615384615,
        "r":39.1304347826,
        "f":43.2989690722
      },
      "flat":{
        "p":42.5925925926,
        "r":56.4417177914,
        "f":48.5488126649
      },
      "discourse":{
        "p":100.0,
        "r":2.380952381,
        "f":4.6511627907
      },
      "appos":{
        "p":0.0,
        "r":0.0,
        "f":0.0
      },
      "aux:q":{
        "p":68.5714285714,
        "r":66.6666666667,
        "f":67.6056338028
      },
      "ccomp":{
        "p":0.0,
        "r":0.0,
        "f":0.0
      },
      "mark":{
        "p":100.0,
        "r":8.3333333333,
        "f":15.3846153846
      },
      "fixed":{
        "p":0.0,
        "r":0.0,
        "f":0.0
      },
      "advcl":{
        "p":0.0,
        "r":0.0,
        "f":0.0
      }
    },
    "ents_f":0.0,
    "ents_p":0.0,
    "ents_r":0.0,
    "ents_per_type":{

    }
  },
  "vectors":{
    "width":0,
    "vectors":0,
    "keys":0,
    "name":"spacy_pretrained_vectors"
  },
  "name":"model0",
  "version":"0.0.0",
  "labels":{
    "tagger":[
      "ANum",
      "Abr",
      "Adj",
      "Adverb",
      "Conj",
      "Demons",
      "Det",
      "Dup",
      "Interj",
      "NAdj",
      "NNum",
      "Neg",
      "Ness",
      "Noun",
      "PCAbl",
      "PCAcc",
      "PCDat",
      "PCGen",
      "PCIns",
      "PCNom",
      "Pers",
      "Postp",
      "Prop",
      "Punc",
      "Quant",
      "Ques",
      "Reflex",
      "Rel",
      "Since",
      "Verb",
      "With",
      "Without",
      "Zero",
      "_SP"
    ],
    "parser":[
      "ROOT",
      "acl",
      "advmod",
      "advmod:emph",
      "amod",
      "appos",
      "aux:q",
      "case",
      "cc",
      "compound",
      "compound:lvc",
      "compound:redup",
      "conj",
      "cop",
      "dep",
      "det",
      "discourse",
      "flat",
      "mark",
      "nmod",
      "nmod:poss",
      "nsubj",
      "nummod",
      "obj",
      "obl",
      "punct"
    ],
    "ner":[

    ]
  }
}