{
  "lang":"tr",
  "pipeline":[
    "tagger",
    "parser",
    "ner"
  ],
  "spacy_version":">=2.3.4",
  "speed":{
    "nwords":10046,
    "cpu":7500.4970591195,
    "gpu":null
  },
  "accuracy":{
    "tags_acc":89.4584909417,
    "token_acc":100.0,
    "las":51.8729198185,
    "uas":63.1285930408,
    "las_per_type":{
      "root":{
        "p":70.4453441296,
        "r":70.4453441296,
        "f":70.4453441296
      },
      "nmod:poss":{
        "p":53.4775888717,
        "r":59.4501718213,
        "f":56.3059397884
      },
      "nsubj":{
        "p":38.3886255924,
        "r":36.5963855422,
        "f":37.4710871241
      },
      "conj":{
        "p":34.6153846154,
        "r":33.0396475771,
        "f":33.8091660406
      },
      "obj":{
        "p":47.7488151659,
        "r":53.3774834437,
        "f":50.406504065
      },
      "amod":{
        "p":52.3642732049,
        "r":54.7619047619,
        "f":53.5362578335
      },
      "csubj":{
        "p":0.0,
        "r":0.0,
        "f":0.0
      },
      "cop":{
        "p":83.8028169014,
        "r":84.3971631206,
        "f":84.0989399293
      },
      "obl":{
        "p":42.5328554361,
        "r":48.9683631362,
        "f":45.5242966752
      },
      "det":{
        "p":73.0478589421,
        "r":77.1276595745,
        "f":75.0323415265
      },
      "nmod":{
        "p":35.0180505415,
        "r":28.912071535,
        "f":31.6734693878
      },
      "compound:lvc":{
        "p":65.4320987654,
        "r":59.5505617978,
        "f":62.3529411765
      },
      "compound":{
        "p":37.2,
        "r":25.7617728532,
        "f":30.441898527
      },
      "case":{
        "p":77.897574124,
        "r":83.5260115607,
        "f":80.6136680614
      },
      "nummod":{
        "p":46.3917525773,
        "r":41.6666666667,
        "f":43.9024390244
      },
      "advmod":{
        "p":53.3149171271,
        "r":56.432748538,
        "f":54.8295454545
      },
      "advmod:emph":{
        "p":77.6315789474,
        "r":71.0843373494,
        "f":74.213836478
      },
      "compound:redup":{
        "p":33.3333333333,
        "r":14.8148148148,
        "f":20.5128205128
      },
      "acl":{
        "p":45.0184501845,
        "r":51.2605042017,
        "f":47.9371316306
      },
      "mark":{
        "p":50.0,
        "r":33.3333333333,
        "f":40.0
      },
      "cc":{
        "p":43.537414966,
        "r":39.751552795,
        "f":41.5584415584
      },
      "flat":{
        "p":49.4186046512,
        "r":52.1472392638,
        "f":50.7462686567
      },
      "discourse":{
        "p":75.0,
        "r":35.7142857143,
        "f":48.3870967742
      },
      "appos":{
        "p":25.0,
        "r":10.0,
        "f":14.2857142857
      },
      "aux:q":{
        "p":80.5555555556,
        "r":80.5555555556,
        "f":80.5555555556
      },
      "ccomp":{
        "p":0.0,
        "r":0.0,
        "f":0.0
      },
      "dep":{
        "p":0.0,
        "r":0.0,
        "f":0.0
      },
      "fixed":{
        "p":0.0,
        "r":0.0,
        "f":0.0
      },
      "advcl":{
        "p":0.0,
        "r":0.0,
        "f":0.0
      }
    },
    "ents_f":0.0,
    "ents_p":0.0,
    "ents_r":0.0,
    "ents_per_type":{

    }
  },
  "vectors":{
    "width":0,
    "vectors":0,
    "keys":0,
    "name":"spacy_pretrained_vectors"
  },
  "name":"model0",
  "version":"0.0.0",
  "labels":{
    "tagger":[
      "ANum",
      "Abr",
      "Adj",
      "Adverb",
      "Conj",
      "Demons",
      "Det",
      "Dup",
      "Interj",
      "NAdj",
      "NNum",
      "Neg",
      "Ness",
      "Noun",
      "PCAbl",
      "PCAcc",
      "PCDat",
      "PCGen",
      "PCIns",
      "PCNom",
      "Pers",
      "Postp",
      "Prop",
      "Punc",
      "Quant",
      "Ques",
      "Reflex",
      "Rel",
      "Since",
      "Verb",
      "With",
      "Without",
      "Zero",
      "_SP"
    ],
    "parser":[
      "ROOT",
      "acl",
      "advmod",
      "advmod:emph",
      "amod",
      "appos",
      "aux:q",
      "case",
      "cc",
      "compound",
      "compound:lvc",
      "compound:redup",
      "conj",
      "cop",
      "dep",
      "det",
      "discourse",
      "flat",
      "mark",
      "nmod",
      "nmod:poss",
      "nsubj",
      "nummod",
      "obj",
      "obl",
      "punct"
    ],
    "ner":[

    ]
  }
}