{
  "lang":"tr",
  "pipeline":[
    "tagger",
    "parser",
    "ner"
  ],
  "spacy_version":">=2.3.4",
  "speed":{
    "nwords":10046,
    "cpu":7506.8208501617,
    "gpu":null
  },
  "accuracy":{
    "tags_acc":89.0802309377,
    "token_acc":100.0,
    "las":50.9167927383,
    "uas":62.7655068079,
    "las_per_type":{
      "root":{
        "p":70.2429149798,
        "r":70.2429149798,
        "f":70.2429149798
      },
      "nmod:poss":{
        "p":53.2738095238,
        "r":61.5120274914,
        "f":57.0972886762
      },
      "nsubj":{
        "p":36.5777080063,
        "r":35.0903614458,
        "f":35.8186010761
      },
      "conj":{
        "p":33.2848837209,
        "r":33.6270190896,
        "f":33.4550766983
      },
      "obj":{
        "p":46.553808948,
        "r":50.9933774834,
        "f":48.6725663717
      },
      "amod":{
        "p":50.8620689655,
        "r":54.0293040293,
        "f":52.3978685613
      },
      "csubj":{
        "p":0.0,
        "r":0.0,
        "f":0.0
      },
      "cop":{
        "p":80.4195804196,
        "r":81.5602836879,
        "f":80.985915493
      },
      "obl":{
        "p":39.5189003436,
        "r":47.4552957359,
        "f":43.125
      },
      "det":{
        "p":71.7444717445,
        "r":77.6595744681,
        "f":74.5849297573
      },
      "nmod":{
        "p":34.9206349206,
        "r":26.2295081967,
        "f":29.9574468085
      },
      "compound:lvc":{
        "p":64.5569620253,
        "r":57.3033707865,
        "f":60.7142857143
      },
      "compound":{
        "p":37.5,
        "r":24.0997229917,
        "f":29.3423271501
      },
      "case":{
        "p":75.6613756614,
        "r":82.6589595376,
        "f":79.0055248619
      },
      "nummod":{
        "p":45.7831325301,
        "r":35.1851851852,
        "f":39.7905759162
      },
      "advmod":{
        "p":51.8105849582,
        "r":54.3859649123,
        "f":53.0670470756
      },
      "advmod:emph":{
        "p":76.4331210191,
        "r":72.2891566265,
        "f":74.3034055728
      },
      "compound:redup":{
        "p":40.0,
        "r":14.8148148148,
        "f":21.6216216216
      },
      "acl":{
        "p":48.2352941176,
        "r":51.6806722689,
        "f":49.8985801217
      },
      "mark":{
        "p":33.3333333333,
        "r":16.6666666667,
        "f":22.2222222222
      },
      "cc":{
        "p":44.0559440559,
        "r":39.1304347826,
        "f":41.4473684211
      },
      "flat":{
        "p":46.8571428571,
        "r":50.3067484663,
        "f":48.5207100592
      },
      "discourse":{
        "p":82.3529411765,
        "r":33.3333333333,
        "f":47.4576271186
      },
      "appos":{
        "p":0.0,
        "r":0.0,
        "f":0.0
      },
      "aux:q":{
        "p":76.3157894737,
        "r":80.5555555556,
        "f":78.3783783784
      },
      "ccomp":{
        "p":0.0,
        "r":0.0,
        "f":0.0
      },
      "fixed":{
        "p":0.0,
        "r":0.0,
        "f":0.0
      },
      "dep":{
        "p":0.0,
        "r":0.0,
        "f":0.0
      },
      "advcl":{
        "p":0.0,
        "r":0.0,
        "f":0.0
      }
    },
    "ents_f":0.0,
    "ents_p":0.0,
    "ents_r":0.0,
    "ents_per_type":{

    }
  },
  "vectors":{
    "width":0,
    "vectors":0,
    "keys":0,
    "name":"spacy_pretrained_vectors"
  },
  "name":"model0",
  "version":"0.0.0",
  "labels":{
    "tagger":[
      "ANum",
      "Abr",
      "Adj",
      "Adverb",
      "Conj",
      "Demons",
      "Det",
      "Dup",
      "Interj",
      "NAdj",
      "NNum",
      "Neg",
      "Ness",
      "Noun",
      "PCAbl",
      "PCAcc",
      "PCDat",
      "PCGen",
      "PCIns",
      "PCNom",
      "Pers",
      "Postp",
      "Prop",
      "Punc",
      "Quant",
      "Ques",
      "Reflex",
      "Rel",
      "Since",
      "Verb",
      "With",
      "Without",
      "Zero",
      "_SP"
    ],
    "parser":[
      "ROOT",
      "acl",
      "advmod",
      "advmod:emph",
      "amod",
      "appos",
      "aux:q",
      "case",
      "cc",
      "compound",
      "compound:lvc",
      "compound:redup",
      "conj",
      "cop",
      "dep",
      "det",
      "discourse",
      "flat",
      "mark",
      "nmod",
      "nmod:poss",
      "nsubj",
      "nummod",
      "obj",
      "obl",
      "punct"
    ],
    "ner":[

    ]
  }
}