{
  "lang":"tr",
  "pipeline":[
    "tagger",
    "parser",
    "ner"
  ],
  "spacy_version":">=2.3.4",
  "speed":{
    "nwords":10046,
    "cpu":3960.1384432234,
    "gpu":null
  },
  "accuracy":{
    "tags_acc":89.448536731,
    "token_acc":100.0,
    "las":51.9576399395,
    "uas":63.1527987897,
    "las_per_type":{
      "root":{
        "p":70.7489878543,
        "r":70.7489878543,
        "f":70.7489878543
      },
      "nmod:poss":{
        "p":53.4562211982,
        "r":59.793814433,
        "f":56.4476885645
      },
      "nsubj":{
        "p":39.082278481,
        "r":37.1987951807,
        "f":38.1172839506
      },
      "conj":{
        "p":34.6213292117,
        "r":32.892804699,
        "f":33.734939759
      },
      "obj":{
        "p":47.9191438763,
        "r":53.3774834437,
        "f":50.5012531328
      },
      "amod":{
        "p":51.8197573657,
        "r":54.7619047619,
        "f":53.250222618
      },
      "csubj":{
        "p":0.0,
        "r":0.0,
        "f":0.0
      },
      "cop":{
        "p":83.2167832168,
        "r":84.3971631206,
        "f":83.8028169014
      },
      "obl":{
        "p":42.5506555423,
        "r":49.105914718,
        "f":45.5938697318
      },
      "det":{
        "p":73.0964467005,
        "r":76.5957446809,
        "f":74.8051948052
      },
      "nmod":{
        "p":35.2727272727,
        "r":28.912071535,
        "f":31.7772317772
      },
      "compound:lvc":{
        "p":65.0,
        "r":58.4269662921,
        "f":61.5384615385
      },
      "compound":{
        "p":37.4501992032,
        "r":26.0387811634,
        "f":30.7189542484
      },
      "case":{
        "p":78.1081081081,
        "r":83.5260115607,
        "f":80.7262569832
      },
      "nummod":{
        "p":47.4226804124,
        "r":42.5925925926,
        "f":44.8780487805
      },
      "advmod":{
        "p":53.1855955679,
        "r":56.1403508772,
        "f":54.6230440967
      },
      "advmod:emph":{
        "p":77.1241830065,
        "r":71.0843373494,
        "f":73.9811912226
      },
      "compound:redup":{
        "p":33.3333333333,
        "r":14.8148148148,
        "f":20.5128205128
      },
      "acl":{
        "p":45.0184501845,
        "r":51.2605042017,
        "f":47.9371316306
      },
      "mark":{
        "p":50.0,
        "r":33.3333333333,
        "f":40.0
      },
      "cc":{
        "p":42.8571428571,
        "r":39.1304347826,
        "f":40.9090909091
      },
      "flat":{
        "p":50.5747126437,
        "r":53.9877300613,
        "f":52.2255192878
      },
      "discourse":{
        "p":70.0,
        "r":33.3333333333,
        "f":45.1612903226
      },
      "appos":{
        "p":25.0,
        "r":10.0,
        "f":14.2857142857
      },
      "aux:q":{
        "p":80.0,
        "r":77.7777777778,
        "f":78.8732394366
      },
      "ccomp":{
        "p":0.0,
        "r":0.0,
        "f":0.0
      },
      "dep":{
        "p":0.0,
        "r":0.0,
        "f":0.0
      },
      "fixed":{
        "p":0.0,
        "r":0.0,
        "f":0.0
      },
      "advcl":{
        "p":0.0,
        "r":0.0,
        "f":0.0
      }
    },
    "ents_f":0.0,
    "ents_p":0.0,
    "ents_r":0.0,
    "ents_per_type":{

    }
  },
  "vectors":{
    "width":0,
    "vectors":0,
    "keys":0,
    "name":"spacy_pretrained_vectors"
  },
  "name":"model0",
  "version":"0.0.0",
  "labels":{
    "tagger":[
      "ANum",
      "Abr",
      "Adj",
      "Adverb",
      "Conj",
      "Demons",
      "Det",
      "Dup",
      "Interj",
      "NAdj",
      "NNum",
      "Neg",
      "Ness",
      "Noun",
      "PCAbl",
      "PCAcc",
      "PCDat",
      "PCGen",
      "PCIns",
      "PCNom",
      "Pers",
      "Postp",
      "Prop",
      "Punc",
      "Quant",
      "Ques",
      "Reflex",
      "Rel",
      "Since",
      "Verb",
      "With",
      "Without",
      "Zero",
      "_SP"
    ],
    "parser":[
      "ROOT",
      "acl",
      "advmod",
      "advmod:emph",
      "amod",
      "appos",
      "aux:q",
      "case",
      "cc",
      "compound",
      "compound:lvc",
      "compound:redup",
      "conj",
      "cop",
      "dep",
      "det",
      "discourse",
      "flat",
      "mark",
      "nmod",
      "nmod:poss",
      "nsubj",
      "nummod",
      "obj",
      "obl",
      "punct"
    ],
    "ner":[

    ]
  }
}