{
  "uas":61.217075386,
  "las":47.7989706328,
  "las_per_type":{
    "root":{
      "p":68.4210526316,
      "r":68.4210526316,
      "f":68.4210526316
    },
    "nmod:poss":{
      "p":49.5302013423,
      "r":63.4020618557,
      "f":55.6141672946
    },
    "nsubj":{
      "p":33.9011925043,
      "r":29.9698795181,
      "f":31.8145483613
    },
    "conj":{
      "p":27.6166456494,
      "r":32.1585903084,
      "f":29.7150610583
    },
    "obj":{
      "p":43.932038835,
      "r":47.9470198675,
      "f":45.8518049398
    },
    "amod":{
      "p":45.7657657658,
      "r":46.5201465201,
      "f":46.1398728429
    },
    "csubj":{
      "p":0.0,
      "r":0.0,
      "f":0.0
    },
    "cop":{
      "p":80.4347826087,
      "r":78.7234042553,
      "f":79.5698924731
    },
    "obl":{
      "p":33.3669354839,
      "r":45.5295735901,
      "f":38.510762071
    },
    "det":{
      "p":68.1395348837,
      "r":77.9255319149,
      "f":72.7047146402
    },
    "nmod":{
      "p":32.8282828283,
      "r":19.3740685544,
      "f":24.3673851921
    },
    "compound:lvc":{
      "p":62.3376623377,
      "r":53.9325842697,
      "f":57.8313253012
    },
    "compound":{
      "p":34.9693251534,
      "r":15.7894736842,
      "f":21.7557251908
    },
    "case":{
      "p":73.2323232323,
      "r":83.8150289017,
      "f":78.167115903
    },
    "nummod":{
      "p":54.5454545455,
      "r":27.7777777778,
      "f":36.8098159509
    },
    "advmod":{
      "p":53.8709677419,
      "r":48.8304093567,
      "f":51.226993865
    },
    "advmod:emph":{
      "p":64.8648648649,
      "r":72.2891566265,
      "f":68.3760683761
    },
    "compound:redup":{
      "p":16.6666666667,
      "r":3.7037037037,
      "f":6.0606060606
    },
    "acl":{
      "p":44.5833333333,
      "r":44.9579831933,
      "f":44.769874477
    },
    "cc":{
      "p":47.0588235294,
      "r":39.751552795,
      "f":43.0976430976
    },
    "flat":{
      "p":46.3157894737,
      "r":53.9877300613,
      "f":49.8583569405
    },
    "discourse":{
      "p":60.0,
      "r":7.1428571429,
      "f":12.7659574468
    },
    "appos":{
      "p":0.0,
      "r":0.0,
      "f":0.0
    },
    "aux:q":{
      "p":79.4117647059,
      "r":75.0,
      "f":77.1428571429
    },
    "ccomp":{
      "p":0.0,
      "r":0.0,
      "f":0.0
    },
    "mark":{
      "p":100.0,
      "r":8.3333333333,
      "f":15.3846153846
    },
    "fixed":{
      "p":0.0,
      "r":0.0,
      "f":0.0
    },
    "advcl":{
      "p":0.0,
      "r":0.0,
      "f":0.0
    }
  },
  "ents_p":0.0,
  "ents_r":0.0,
  "ents_f":0.0,
  "ents_per_type":{

  },
  "tags_acc":88.4929325105,
  "token_acc":100.0,
  "textcat_score":0.0,
  "textcats_per_cat":{

  }
}