{
  "uas":61.4872229623,
  "las":48.6617415526,
  "las_per_type":{
    "root":{
      "p":69.1295546559,
      "r":69.1295546559,
      "f":69.1295546559
    },
    "nmod:poss":{
      "p":52.2948539638,
      "r":64.6048109966,
      "f":57.8016910069
    },
    "nsubj":{
      "p":34.9919743178,
      "r":32.8313253012,
      "f":33.8772338772
    },
    "conj":{
      "p":28.8978494624,
      "r":31.5712187959,
      "f":30.1754385965
    },
    "obj":{
      "p":43.8256658596,
      "r":47.9470198675,
      "f":45.7938013915
    },
    "amod":{
      "p":48.8805970149,
      "r":47.9853479853,
      "f":48.4288354898
    },
    "csubj":{
      "p":0.0,
      "r":0.0,
      "f":0.0
    },
    "cop":{
      "p":77.8523489933,
      "r":82.2695035461,
      "f":80.0
    },
    "det":{
      "p":68.5314685315,
      "r":78.1914893617,
      "f":73.0434782609
    },
    "nmod":{
      "p":32.5688073394,
      "r":21.1624441133,
      "f":25.6549232159
    },
    "compound:lvc":{
      "p":61.038961039,
      "r":52.808988764,
      "f":56.6265060241
    },
    "compound":{
      "p":34.6153846154,
      "r":17.4515235457,
      "f":23.2044198895
    },
    "obl":{
      "p":34.9272349272,
      "r":46.2173314993,
      "f":39.7868561279
    },
    "case":{
      "p":73.5368956743,
      "r":83.5260115607,
      "f":78.2138024357
    },
    "nummod":{
      "p":54.8387096774,
      "r":31.4814814815,
      "f":40.0
    },
    "advmod":{
      "p":54.4585987261,
      "r":50.0,
      "f":52.1341463415
    },
    "advmod:emph":{
      "p":67.0454545455,
      "r":71.0843373494,
      "f":69.0058479532
    },
    "compound:redup":{
      "p":25.0,
      "r":3.7037037037,
      "f":6.4516129032
    },
    "acl":{
      "p":43.4959349593,
      "r":44.9579831933,
      "f":44.2148760331
    },
    "cc":{
      "p":46.7625899281,
      "r":40.3726708075,
      "f":43.3333333333
    },
    "flat":{
      "p":43.8775510204,
      "r":52.7607361963,
      "f":47.9108635097
    },
    "discourse":{
      "p":62.5,
      "r":11.9047619048,
      "f":20.0
    },
    "appos":{
      "p":0.0,
      "r":0.0,
      "f":0.0
    },
    "aux:q":{
      "p":81.8181818182,
      "r":75.0,
      "f":78.2608695652
    },
    "ccomp":{
      "p":0.0,
      "r":0.0,
      "f":0.0
    },
    "mark":{
      "p":100.0,
      "r":8.3333333333,
      "f":15.3846153846
    },
    "fixed":{
      "p":0.0,
      "r":0.0,
      "f":0.0
    },
    "dep":{
      "p":0.0,
      "r":0.0,
      "f":0.0
    },
    "advcl":{
      "p":0.0,
      "r":0.0,
      "f":0.0
    }
  },
  "ents_p":0.0,
  "ents_r":0.0,
  "ents_f":0.0,
  "ents_per_type":{

  },
  "tags_acc":88.5128409317,
  "token_acc":100.0,
  "textcat_score":0.0,
  "textcats_per_cat":{

  }
}