{
  "lang":"tr",
  "pipeline":[
    "tagger",
    "parser",
    "ner"
  ],
  "spacy_version":">=2.3.4",
  "speed":{
    "nwords":10046,
    "cpu":5755.1474081958,
    "gpu":null
  },
  "accuracy":{
    "tags_acc":85.914791957,
    "token_acc":100.0,
    "las":37.9423170141,
    "uas":56.1682016481,
    "las_per_type":{
      "root":{
        "p":62.5506072874,
        "r":62.5506072874,
        "f":62.5506072874
      },
      "nmod:poss":{
        "p":36.9588173178,
        "r":60.1374570447,
        "f":45.7815565729
      },
      "nsubj":{
        "p":24.8730964467,
        "r":22.1385542169,
        "f":23.4262948207
      },
      "conj":{
        "p":21.7831813576,
        "r":31.5712187959,
        "f":25.7793764988
      },
      "obj":{
        "p":30.193236715,
        "r":33.1125827815,
        "f":31.5855969678
      },
      "amod":{
        "p":30.7053941909,
        "r":27.1062271062,
        "f":28.7937743191
      },
      "csubj":{
        "p":0.0,
        "r":0.0,
        "f":0.0
      },
      "cop":{
        "p":57.7639751553,
        "r":65.9574468085,
        "f":61.5894039735
      },
      "advmod:emph":{
        "p":64.6341463415,
        "r":63.8554216867,
        "f":64.2424242424
      },
      "obl":{
        "p":19.3548387097,
        "r":23.1086657497,
        "f":21.065830721
      },
      "det":{
        "p":62.8755364807,
        "r":77.9255319149,
        "f":69.5961995249
      },
      "nmod":{
        "p":23.5087719298,
        "r":9.9850968703,
        "f":14.0167364017
      },
      "compound:lvc":{
        "p":55.223880597,
        "r":41.5730337079,
        "f":47.4358974359
      },
      "compound":{
        "p":13.125,
        "r":5.8171745152,
        "f":8.0614203455
      },
      "case":{
        "p":60.9756097561,
        "r":79.4797687861,
        "f":69.008782936
      },
      "nummod":{
        "p":60.0,
        "r":5.5555555556,
        "f":10.1694915254
      },
      "advmod":{
        "p":51.4018691589,
        "r":32.1637426901,
        "f":39.5683453237
      },
      "compound:redup":{
        "p":0.0,
        "r":0.0,
        "f":0.0
      },
      "acl":{
        "p":35.7142857143,
        "r":33.6134453782,
        "f":34.632034632
      },
      "cc":{
        "p":46.4,
        "r":36.0248447205,
        "f":40.5594405594
      },
      "flat":{
        "p":38.5,
        "r":47.2392638037,
        "f":42.4242424242
      },
      "discourse":{
        "p":0.0,
        "r":0.0,
        "f":0.0
      },
      "appos":{
        "p":0.0,
        "r":0.0,
        "f":0.0
      },
      "aux:q":{
        "p":70.5882352941,
        "r":33.3333333333,
        "f":45.2830188679
      },
      "ccomp":{
        "p":0.0,
        "r":0.0,
        "f":0.0
      },
      "mark":{
        "p":0.0,
        "r":0.0,
        "f":0.0
      },
      "fixed":{
        "p":0.0,
        "r":0.0,
        "f":0.0
      },
      "advcl":{
        "p":0.0,
        "r":0.0,
        "f":0.0
      }
    },
    "ents_f":0.0,
    "ents_p":0.0,
    "ents_r":0.0,
    "ents_per_type":{

    }
  },
  "vectors":{
    "width":0,
    "vectors":0,
    "keys":0,
    "name":"spacy_pretrained_vectors"
  },
  "name":"model0",
  "version":"0.0.0",
  "labels":{
    "tagger":[
      "ANum",
      "Abr",
      "Adj",
      "Adverb",
      "Conj",
      "Demons",
      "Det",
      "Dup",
      "Interj",
      "NAdj",
      "NNum",
      "Neg",
      "Ness",
      "Noun",
      "PCAbl",
      "PCAcc",
      "PCDat",
      "PCGen",
      "PCIns",
      "PCNom",
      "Pers",
      "Postp",
      "Prop",
      "Punc",
      "Quant",
      "Ques",
      "Reflex",
      "Rel",
      "Since",
      "Verb",
      "With",
      "Without",
      "Zero",
      "_SP"
    ],
    "parser":[
      "ROOT",
      "acl",
      "advmod",
      "advmod:emph",
      "amod",
      "appos",
      "aux:q",
      "case",
      "cc",
      "compound",
      "compound:lvc",
      "compound:redup",
      "conj",
      "cop",
      "dep",
      "det",
      "discourse",
      "flat",
      "mark",
      "nmod",
      "nmod:poss",
      "nsubj",
      "nummod",
      "obj",
      "obl",
      "punct"
    ],
    "ner":[

    ]
  }
}