{
  "lang":"tr",
  "pipeline":[
    "tagger",
    "parser",
    "ner"
  ],
  "spacy_version":">=2.3.4",
  "speed":{
    "nwords":10046,
    "cpu":7935.798238925,
    "gpu":null
  },
  "accuracy":{
    "tags_acc":89.3888114673,
    "token_acc":100.0,
    "las":51.6702977487,
    "uas":62.7208908255,
    "las_per_type":{
      "root":{
        "p":69.6356275304,
        "r":69.6356275304,
        "f":69.6356275304
      },
      "nmod:poss":{
        "p":53.5877862595,
        "r":60.3092783505,
        "f":56.7502021019
      },
      "nsubj":{
        "p":38.0952380952,
        "r":37.3493975904,
        "f":37.7186311787
      },
      "conj":{
        "p":34.375,
        "r":33.9207048458,
        "f":34.1463414634
      },
      "obj":{
        "p":48.1212121212,
        "r":52.582781457,
        "f":50.253164557
      },
      "amod":{
        "p":51.4991181658,
        "r":53.4798534799,
        "f":52.4707996406
      },
      "csubj":{
        "p":0.0,
        "r":0.0,
        "f":0.0
      },
      "cop":{
        "p":82.0689655172,
        "r":84.3971631206,
        "f":83.2167832168
      },
      "obl":{
        "p":42.6698450536,
        "r":49.2434662999,
        "f":45.7215836526
      },
      "det":{
        "p":72.3880597015,
        "r":77.3936170213,
        "f":74.8071979434
      },
      "nmod":{
        "p":35.5513307985,
        "r":27.868852459,
        "f":31.2447786132
      },
      "compound:lvc":{
        "p":66.25,
        "r":59.5505617978,
        "f":62.7218934911
      },
      "compound":{
        "p":36.8,
        "r":25.4847645429,
        "f":30.1145662848
      },
      "case":{
        "p":77.2727272727,
        "r":83.5260115607,
        "f":80.2777777778
      },
      "nummod":{
        "p":46.8085106383,
        "r":40.7407407407,
        "f":43.5643564356
      },
      "advmod":{
        "p":52.7777777778,
        "r":55.5555555556,
        "f":54.1310541311
      },
      "advmod:emph":{
        "p":76.7741935484,
        "r":71.686746988,
        "f":74.1433021807
      },
      "compound:redup":{
        "p":41.6666666667,
        "r":18.5185185185,
        "f":25.641025641
      },
      "acl":{
        "p":44.1947565543,
        "r":49.5798319328,
        "f":46.7326732673
      },
      "mark":{
        "p":42.8571428571,
        "r":25.0,
        "f":31.5789473684
      },
      "cc":{
        "p":45.5172413793,
        "r":40.9937888199,
        "f":43.137254902
      },
      "flat":{
        "p":49.1228070175,
        "r":51.5337423313,
        "f":50.2994011976
      },
      "discourse":{
        "p":75.0,
        "r":35.7142857143,
        "f":48.3870967742
      },
      "appos":{
        "p":20.0,
        "r":10.0,
        "f":13.3333333333
      },
      "aux:q":{
        "p":80.0,
        "r":77.7777777778,
        "f":78.8732394366
      },
      "ccomp":{
        "p":0.0,
        "r":0.0,
        "f":0.0
      },
      "dep":{
        "p":0.0,
        "r":0.0,
        "f":0.0
      },
      "fixed":{
        "p":0.0,
        "r":0.0,
        "f":0.0
      },
      "advcl":{
        "p":0.0,
        "r":0.0,
        "f":0.0
      }
    },
    "ents_f":0.0,
    "ents_p":0.0,
    "ents_r":0.0,
    "ents_per_type":{

    }
  },
  "vectors":{
    "width":0,
    "vectors":0,
    "keys":0,
    "name":"spacy_pretrained_vectors"
  },
  "name":"model0",
  "version":"0.0.0",
  "labels":{
    "tagger":[
      "ANum",
      "Abr",
      "Adj",
      "Adverb",
      "Conj",
      "Demons",
      "Det",
      "Dup",
      "Interj",
      "NAdj",
      "NNum",
      "Neg",
      "Ness",
      "Noun",
      "PCAbl",
      "PCAcc",
      "PCDat",
      "PCGen",
      "PCIns",
      "PCNom",
      "Pers",
      "Postp",
      "Prop",
      "Punc",
      "Quant",
      "Ques",
      "Reflex",
      "Rel",
      "Since",
      "Verb",
      "With",
      "Without",
      "Zero",
      "_SP"
    ],
    "parser":[
      "ROOT",
      "acl",
      "advmod",
      "advmod:emph",
      "amod",
      "appos",
      "aux:q",
      "case",
      "cc",
      "compound",
      "compound:lvc",
      "compound:redup",
      "conj",
      "cop",
      "dep",
      "det",
      "discourse",
      "flat",
      "mark",
      "nmod",
      "nmod:poss",
      "nsubj",
      "nummod",
      "obj",
      "obl",
      "punct"
    ],
    "ner":[

    ]
  }
}