{
  "uas":63.0158538061,
  "las":51.7366573884,
  "las_per_type":{
    "root":{
      "p":70.4453441296,
      "r":70.4453441296,
      "f":70.4453441296
    },
    "nmod:poss":{
      "p":54.2042042042,
      "r":62.0274914089,
      "f":57.8525641026
    },
    "nsubj":{
      "p":36.7713004484,
      "r":37.0481927711,
      "f":36.9092273068
    },
    "conj":{
      "p":34.2814371257,
      "r":33.6270190896,
      "f":33.9510748703
    },
    "obj":{
      "p":47.8155339806,
      "r":52.1854304636,
      "f":49.9050031666
    },
    "amod":{
      "p":51.7361111111,
      "r":54.5787545788,
      "f":53.11942959
    },
    "csubj":{
      "p":0.0,
      "r":0.0,
      "f":0.0
    },
    "cop":{
      "p":81.3793103448,
      "r":83.6879432624,
      "f":82.5174825175
    },
    "obl":{
      "p":41.9928825623,
      "r":48.6932599725,
      "f":45.0955414013
    },
    "det":{
      "p":71.3216957606,
      "r":76.0638297872,
      "f":73.6164736165
    },
    "nmod":{
      "p":34.9809885932,
      "r":27.4217585693,
      "f":30.7435254804
    },
    "compound:lvc":{
      "p":64.5569620253,
      "r":57.3033707865,
      "f":60.7142857143
    },
    "compound":{
      "p":37.8600823045,
      "r":25.4847645429,
      "f":30.4635761589
    },
    "case":{
      "p":78.5326086957,
      "r":83.5260115607,
      "f":80.9523809524
    },
    "nummod":{
      "p":46.6666666667,
      "r":38.8888888889,
      "f":42.4242424242
    },
    "advmod":{
      "p":52.602739726,
      "r":56.1403508772,
      "f":54.3140028289
    },
    "advmod:emph":{
      "p":76.2820512821,
      "r":71.686746988,
      "f":73.9130434783
    },
    "compound:redup":{
      "p":30.7692307692,
      "r":14.8148148148,
      "f":20.0
    },
    "acl":{
      "p":46.6135458167,
      "r":49.1596638655,
      "f":47.8527607362
    },
    "mark":{
      "p":42.8571428571,
      "r":25.0,
      "f":31.5789473684
    },
    "cc":{
      "p":47.2602739726,
      "r":42.8571428571,
      "f":44.9511400651
    },
    "flat":{
      "p":50.0,
      "r":53.3742331288,
      "f":51.6320474777
    },
    "discourse":{
      "p":88.8888888889,
      "r":38.0952380952,
      "f":53.3333333333
    },
    "appos":{
      "p":0.0,
      "r":0.0,
      "f":0.0
    },
    "aux:q":{
      "p":82.3529411765,
      "r":77.7777777778,
      "f":80.0
    },
    "ccomp":{
      "p":0.0,
      "r":0.0,
      "f":0.0
    },
    "dep":{
      "p":0.0,
      "r":0.0,
      "f":0.0
    },
    "fixed":{
      "p":0.0,
      "r":0.0,
      "f":0.0
    },
    "advcl":{
      "p":0.0,
      "r":0.0,
      "f":0.0
    }
  },
  "ents_p":0.0,
  "ents_r":0.0,
  "ents_f":0.0,
  "ents_per_type":{

  },
  "tags_acc":89.2892693609,
  "token_acc":100.0,
  "textcat_score":0.0,
  "textcats_per_cat":{

  }
}