{
  "uas":62.7609998184,
  "las":50.9592688979,
  "las_per_type":{
    "root":{
      "p":70.5465587045,
      "r":70.5465587045,
      "f":70.5465587045
    },
    "nmod:poss":{
      "p":54.4342507645,
      "r":61.1683848797,
      "f":57.6051779935
    },
    "nsubj":{
      "p":36.3919129082,
      "r":35.2409638554,
      "f":35.8071920428
    },
    "conj":{
      "p":33.4285714286,
      "r":34.3612334802,
      "f":33.8884866039
    },
    "obj":{
      "p":46.0260972716,
      "r":51.3907284768,
      "f":48.5607008761
    },
    "amod":{
      "p":50.7936507937,
      "r":52.7472527473,
      "f":51.7520215633
    },
    "csubj":{
      "p":0.0,
      "r":0.0,
      "f":0.0
    },
    "cop":{
      "p":81.1188811189,
      "r":82.2695035461,
      "f":81.6901408451
    },
    "det":{
      "p":71.7073170732,
      "r":78.1914893617,
      "f":74.8091603053
    },
    "nmod":{
      "p":35.2112676056,
      "r":26.0804769001,
      "f":29.9657534247
    },
    "compound:lvc":{
      "p":62.6506024096,
      "r":58.4269662921,
      "f":60.4651162791
    },
    "compound":{
      "p":37.0212765957,
      "r":24.0997229917,
      "f":29.1946308725
    },
    "obl":{
      "p":39.6807297605,
      "r":47.8679504814,
      "f":43.391521197
    },
    "case":{
      "p":76.1273209549,
      "r":82.9479768786,
      "f":79.3914246196
    },
    "nummod":{
      "p":45.5696202532,
      "r":33.3333333333,
      "f":38.5026737968
    },
    "advmod":{
      "p":51.6574585635,
      "r":54.6783625731,
      "f":53.125
    },
    "advmod:emph":{
      "p":75.1552795031,
      "r":72.8915662651,
      "f":74.006116208
    },
    "compound:redup":{
      "p":50.0,
      "r":14.8148148148,
      "f":22.8571428571
    },
    "acl":{
      "p":48.3870967742,
      "r":50.4201680672,
      "f":49.3827160494
    },
    "mark":{
      "p":40.0,
      "r":16.6666666667,
      "f":23.5294117647
    },
    "cc":{
      "p":43.8848920863,
      "r":37.8881987578,
      "f":40.6666666667
    },
    "flat":{
      "p":45.7627118644,
      "r":49.6932515337,
      "f":47.6470588235
    },
    "discourse":{
      "p":81.25,
      "r":30.9523809524,
      "f":44.8275862069
    },
    "appos":{
      "p":0.0,
      "r":0.0,
      "f":0.0
    },
    "aux:q":{
      "p":76.3157894737,
      "r":80.5555555556,
      "f":78.3783783784
    },
    "ccomp":{
      "p":0.0,
      "r":0.0,
      "f":0.0
    },
    "fixed":{
      "p":0.0,
      "r":0.0,
      "f":0.0
    },
    "dep":{
      "p":0.0,
      "r":0.0,
      "f":0.0
    },
    "advcl":{
      "p":0.0,
      "r":0.0,
      "f":0.0
    }
  },
  "ents_p":0.0,
  "ents_r":0.0,
  "ents_f":0.0,
  "ents_per_type":{

  },
  "tags_acc":89.1996814653,
  "token_acc":100.0,
  "textcat_score":0.0,
  "textcats_per_cat":{

  }
}