{
  "lang":"tr",
  "pipeline":[
    "tagger",
    "parser",
    "ner"
  ],
  "spacy_version":">=2.3.4",
  "speed":{
    "nwords":10046,
    "cpu":5808.5873308615,
    "gpu":null
  },
  "accuracy":{
    "tags_acc":87.208839339,
    "token_acc":100.0,
    "las":43.5830658349,
    "uas":59.196899037,
    "las_per_type":{
      "root":{
        "p":66.7004048583,
        "r":66.7004048583,
        "f":66.7004048583
      },
      "nmod:poss":{
        "p":44.6115288221,
        "r":61.1683848797,
        "f":51.5942028986
      },
      "nsubj":{
        "p":30.1418439716,
        "r":25.6024096386,
        "f":27.6872964169
      },
      "conj":{
        "p":25.1116071429,
        "r":33.0396475771,
        "f":28.5351934052
      },
      "obj":{
        "p":37.6028202115,
        "r":42.3841059603,
        "f":39.8505603985
      },
      "amod":{
        "p":40.9803921569,
        "r":38.2783882784,
        "f":39.5833333333
      },
      "csubj":{
        "p":0.0,
        "r":0.0,
        "f":0.0
      },
      "cop":{
        "p":71.724137931,
        "r":73.7588652482,
        "f":72.7272727273
      },
      "det":{
        "p":68.0365296804,
        "r":79.2553191489,
        "f":73.2186732187
      },
      "nmod":{
        "p":25.0652741514,
        "r":14.3070044709,
        "f":18.2163187856
      },
      "compound:lvc":{
        "p":57.6923076923,
        "r":50.5617977528,
        "f":53.8922155689
      },
      "compound":{
        "p":25.7575757576,
        "r":9.4182825485,
        "f":13.7931034483
      },
      "obl":{
        "p":26.9271383316,
        "r":35.07565337,
        "f":30.4659498208
      },
      "case":{
        "p":66.5882352941,
        "r":81.7919075145,
        "f":73.411154345
      },
      "nummod":{
        "p":56.4102564103,
        "r":20.3703703704,
        "f":29.9319727891
      },
      "advmod":{
        "p":54.1666666667,
        "r":41.8128654971,
        "f":47.1947194719
      },
      "advmod:emph":{
        "p":67.8571428571,
        "r":68.6746987952,
        "f":68.2634730539
      },
      "compound:redup":{
        "p":0.0,
        "r":0.0,
        "f":0.0
      },
      "acl":{
        "p":40.7725321888,
        "r":39.9159663866,
        "f":40.3397027601
      },
      "cc":{
        "p":43.9393939394,
        "r":36.0248447205,
        "f":39.590443686
      },
      "flat":{
        "p":42.2535211268,
        "r":55.2147239264,
        "f":47.8723404255
      },
      "discourse":{
        "p":0.0,
        "r":0.0,
        "f":0.0
      },
      "appos":{
        "p":0.0,
        "r":0.0,
        "f":0.0
      },
      "aux:q":{
        "p":59.4594594595,
        "r":61.1111111111,
        "f":60.2739726027
      },
      "ccomp":{
        "p":0.0,
        "r":0.0,
        "f":0.0
      },
      "mark":{
        "p":0.0,
        "r":0.0,
        "f":0.0
      },
      "fixed":{
        "p":0.0,
        "r":0.0,
        "f":0.0
      },
      "advcl":{
        "p":0.0,
        "r":0.0,
        "f":0.0
      }
    },
    "ents_f":0.0,
    "ents_p":0.0,
    "ents_r":0.0,
    "ents_per_type":{

    }
  },
  "vectors":{
    "width":0,
    "vectors":0,
    "keys":0,
    "name":"spacy_pretrained_vectors"
  },
  "name":"model0",
  "version":"0.0.0",
  "labels":{
    "tagger":[
      "ANum",
      "Abr",
      "Adj",
      "Adverb",
      "Conj",
      "Demons",
      "Det",
      "Dup",
      "Interj",
      "NAdj",
      "NNum",
      "Neg",
      "Ness",
      "Noun",
      "PCAbl",
      "PCAcc",
      "PCDat",
      "PCGen",
      "PCIns",
      "PCNom",
      "Pers",
      "Postp",
      "Prop",
      "Punc",
      "Quant",
      "Ques",
      "Reflex",
      "Rel",
      "Since",
      "Verb",
      "With",
      "Without",
      "Zero",
      "_SP"
    ],
    "parser":[
      "ROOT",
      "acl",
      "advmod",
      "advmod:emph",
      "amod",
      "appos",
      "aux:q",
      "case",
      "cc",
      "compound",
      "compound:lvc",
      "compound:redup",
      "conj",
      "cop",
      "dep",
      "det",
      "discourse",
      "flat",
      "mark",
      "nmod",
      "nmod:poss",
      "nsubj",
      "nummod",
      "obj",
      "obl",
      "punct"
    ],
    "ner":[

    ]
  }
}