{
  "lang":"tr",
  "pipeline":[
    "tagger",
    "parser",
    "ner"
  ],
  "spacy_version":">=2.3.4",
  "speed":{
    "nwords":10046,
    "cpu":7683.5867466313,
    "gpu":null
  },
  "accuracy":{
    "tags_acc":89.2693609397,
    "token_acc":100.0,
    "las":51.7366573884,
    "uas":63.0884666586,
    "las_per_type":{
      "root":{
        "p":70.2429149798,
        "r":70.2429149798,
        "f":70.2429149798
      },
      "nmod:poss":{
        "p":53.4534534535,
        "r":61.1683848797,
        "f":57.0512820513
      },
      "nsubj":{
        "p":37.519379845,
        "r":36.4457831325,
        "f":36.974789916
      },
      "conj":{
        "p":34.4262295082,
        "r":33.9207048458,
        "f":34.1715976331
      },
      "obj":{
        "p":48.0676328502,
        "r":52.7152317881,
        "f":50.2842703727
      },
      "amod":{
        "p":51.9298245614,
        "r":54.2124542125,
        "f":53.0465949821
      },
      "csubj":{
        "p":0.0,
        "r":0.0,
        "f":0.0
      },
      "cop":{
        "p":82.6388888889,
        "r":84.3971631206,
        "f":83.5087719298
      },
      "obl":{
        "p":41.7452830189,
        "r":48.6932599725,
        "f":44.9523809524
      },
      "det":{
        "p":71.2158808933,
        "r":76.329787234,
        "f":73.6842105263
      },
      "nmod":{
        "p":34.7744360902,
        "r":27.5707898659,
        "f":30.7564422278
      },
      "compound:lvc":{
        "p":68.0,
        "r":57.3033707865,
        "f":62.1951219512
      },
      "compound":{
        "p":37.3983739837,
        "r":25.4847645429,
        "f":30.313014827
      },
      "case":{
        "p":77.9569892473,
        "r":83.8150289017,
        "f":80.7799442897
      },
      "nummod":{
        "p":47.311827957,
        "r":40.7407407407,
        "f":43.7810945274
      },
      "advmod":{
        "p":53.6111111111,
        "r":56.432748538,
        "f":54.9857549858
      },
      "advmod:emph":{
        "p":76.7741935484,
        "r":71.686746988,
        "f":74.1433021807
      },
      "compound:redup":{
        "p":28.5714285714,
        "r":14.8148148148,
        "f":19.512195122
      },
      "acl":{
        "p":47.265625,
        "r":50.8403361345,
        "f":48.987854251
      },
      "cc":{
        "p":46.2068965517,
        "r":41.6149068323,
        "f":43.7908496732
      },
      "flat":{
        "p":48.2954545455,
        "r":52.1472392638,
        "f":50.1474926254
      },
      "discourse":{
        "p":84.2105263158,
        "r":38.0952380952,
        "f":52.4590163934
      },
      "appos":{
        "p":0.0,
        "r":0.0,
        "f":0.0
      },
      "aux:q":{
        "p":80.0,
        "r":77.7777777778,
        "f":78.8732394366
      },
      "ccomp":{
        "p":0.0,
        "r":0.0,
        "f":0.0
      },
      "dep":{
        "p":0.0,
        "r":0.0,
        "f":0.0
      },
      "mark":{
        "p":50.0,
        "r":25.0,
        "f":33.3333333333
      },
      "fixed":{
        "p":0.0,
        "r":0.0,
        "f":0.0
      },
      "advcl":{
        "p":0.0,
        "r":0.0,
        "f":0.0
      }
    },
    "ents_f":0.0,
    "ents_p":0.0,
    "ents_r":0.0,
    "ents_per_type":{

    }
  },
  "vectors":{
    "width":0,
    "vectors":0,
    "keys":0,
    "name":"spacy_pretrained_vectors"
  },
  "name":"model0",
  "version":"0.0.0",
  "labels":{
    "tagger":[
      "ANum",
      "Abr",
      "Adj",
      "Adverb",
      "Conj",
      "Demons",
      "Det",
      "Dup",
      "Interj",
      "NAdj",
      "NNum",
      "Neg",
      "Ness",
      "Noun",
      "PCAbl",
      "PCAcc",
      "PCDat",
      "PCGen",
      "PCIns",
      "PCNom",
      "Pers",
      "Postp",
      "Prop",
      "Punc",
      "Quant",
      "Ques",
      "Reflex",
      "Rel",
      "Since",
      "Verb",
      "With",
      "Without",
      "Zero",
      "_SP"
    ],
    "parser":[
      "ROOT",
      "acl",
      "advmod",
      "advmod:emph",
      "amod",
      "appos",
      "aux:q",
      "case",
      "cc",
      "compound",
      "compound:lvc",
      "compound:redup",
      "conj",
      "cop",
      "dep",
      "det",
      "discourse",
      "flat",
      "mark",
      "nmod",
      "nmod:poss",
      "nsubj",
      "nummod",
      "obj",
      "obl",
      "punct"
    ],
    "ner":[

    ]
  }
}