{
  "lang":"tr",
  "pipeline":[
    "tagger",
    "parser",
    "ner"
  ],
  "spacy_version":">=2.3.4",
  "speed":{
    "nwords":10046,
    "cpu":7746.7666348625,
    "gpu":null
  },
  "accuracy":{
    "tags_acc":89.0901851483,
    "token_acc":100.0,
    "las":50.8047924483,
    "uas":62.7254023962,
    "las_per_type":{
      "root":{
        "p":70.6477732794,
        "r":70.6477732794,
        "f":70.6477732794
      },
      "nmod:poss":{
        "p":54.8780487805,
        "r":61.8556701031,
        "f":58.1583198708
      },
      "nsubj":{
        "p":36.3354037267,
        "r":35.2409638554,
        "f":35.7798165138
      },
      "conj":{
        "p":32.5648414986,
        "r":33.1864904552,
        "f":32.8727272727
      },
      "obj":{
        "p":46.0071513707,
        "r":51.1258278146,
        "f":48.4316185696
      },
      "amod":{
        "p":51.4134275618,
        "r":53.2967032967,
        "f":52.3381294964
      },
      "csubj":{
        "p":0.0,
        "r":0.0,
        "f":0.0
      },
      "cop":{
        "p":81.3793103448,
        "r":83.6879432624,
        "f":82.5174825175
      },
      "det":{
        "p":71.0843373494,
        "r":78.4574468085,
        "f":74.5891276865
      },
      "nmod":{
        "p":34.3434343434,
        "r":25.3353204173,
        "f":29.1595197256
      },
      "compound:lvc":{
        "p":62.6506024096,
        "r":58.4269662921,
        "f":60.4651162791
      },
      "compound":{
        "p":37.3949579832,
        "r":24.6537396122,
        "f":29.7161936561
      },
      "obl":{
        "p":39.1402714932,
        "r":47.5928473177,
        "f":42.9546865301
      },
      "case":{
        "p":75.9259259259,
        "r":82.9479768786,
        "f":79.2817679558
      },
      "nummod":{
        "p":46.0526315789,
        "r":32.4074074074,
        "f":38.0434782609
      },
      "advmod":{
        "p":51.2534818942,
        "r":53.8011695906,
        "f":52.4964336662
      },
      "advmod:emph":{
        "p":73.7804878049,
        "r":72.8915662651,
        "f":73.3333333333
      },
      "compound:redup":{
        "p":42.8571428571,
        "r":11.1111111111,
        "f":17.6470588235
      },
      "acl":{
        "p":47.5409836066,
        "r":48.7394957983,
        "f":48.132780083
      },
      "mark":{
        "p":40.0,
        "r":16.6666666667,
        "f":23.5294117647
      },
      "cc":{
        "p":43.9716312057,
        "r":38.5093167702,
        "f":41.059602649
      },
      "flat":{
        "p":45.5555555556,
        "r":50.3067484663,
        "f":47.8134110787
      },
      "discourse":{
        "p":73.3333333333,
        "r":26.1904761905,
        "f":38.5964912281
      },
      "appos":{
        "p":0.0,
        "r":0.0,
        "f":0.0
      },
      "aux:q":{
        "p":81.0810810811,
        "r":83.3333333333,
        "f":82.1917808219
      },
      "ccomp":{
        "p":0.0,
        "r":0.0,
        "f":0.0
      },
      "dep":{
        "p":0.0,
        "r":0.0,
        "f":0.0
      },
      "fixed":{
        "p":0.0,
        "r":0.0,
        "f":0.0
      },
      "advcl":{
        "p":0.0,
        "r":0.0,
        "f":0.0
      }
    },
    "ents_f":0.0,
    "ents_p":0.0,
    "ents_r":0.0,
    "ents_per_type":{

    }
  },
  "vectors":{
    "width":0,
    "vectors":0,
    "keys":0,
    "name":"spacy_pretrained_vectors"
  },
  "name":"model0",
  "version":"0.0.0",
  "labels":{
    "tagger":[
      "ANum",
      "Abr",
      "Adj",
      "Adverb",
      "Conj",
      "Demons",
      "Det",
      "Dup",
      "Interj",
      "NAdj",
      "NNum",
      "Neg",
      "Ness",
      "Noun",
      "PCAbl",
      "PCAcc",
      "PCDat",
      "PCGen",
      "PCIns",
      "PCNom",
      "Pers",
      "Postp",
      "Prop",
      "Punc",
      "Quant",
      "Ques",
      "Reflex",
      "Rel",
      "Since",
      "Verb",
      "With",
      "Without",
      "Zero",
      "_SP"
    ],
    "parser":[
      "ROOT",
      "acl",
      "advmod",
      "advmod:emph",
      "amod",
      "appos",
      "aux:q",
      "case",
      "cc",
      "compound",
      "compound:lvc",
      "compound:redup",
      "conj",
      "cop",
      "dep",
      "det",
      "discourse",
      "flat",
      "mark",
      "nmod",
      "nmod:poss",
      "nsubj",
      "nummod",
      "obj",
      "obl",
      "punct"
    ],
    "ner":[

    ]
  }
}