{
  "uas":62.7170953101,
  "las":51.6066565809,
  "las_per_type":{
    "root":{
      "p":69.6356275304,
      "r":69.6356275304,
      "f":69.6356275304
    },
    "nmod:poss":{
      "p":53.4954407295,
      "r":60.4810996564,
      "f":56.7741935484
    },
    "nsubj":{
      "p":38.1846635368,
      "r":36.7469879518,
      "f":37.4520337682
    },
    "conj":{
      "p":34.1715976331,
      "r":33.9207048458,
      "f":34.0456890199
    },
    "obj":{
      "p":48.2466747279,
      "r":52.8476821192,
      "f":50.4424778761
    },
    "amod":{
      "p":51.1383537653,
      "r":53.4798534799,
      "f":52.2829006267
    },
    "csubj":{
      "p":0.0,
      "r":0.0,
      "f":0.0
    },
    "cop":{
      "p":82.0689655172,
      "r":84.3971631206,
      "f":83.2167832168
    },
    "obl":{
      "p":42.1487603306,
      "r":49.105914718,
      "f":45.3621346887
    },
    "det":{
      "p":71.6417910448,
      "r":76.5957446809,
      "f":74.0359897172
    },
    "nmod":{
      "p":35.0,
      "r":28.1669150522,
      "f":31.2138728324
    },
    "compound:lvc":{
      "p":67.0886075949,
      "r":59.5505617978,
      "f":63.0952380952
    },
    "compound":{
      "p":36.7346938776,
      "r":24.9307479224,
      "f":29.702970297
    },
    "case":{
      "p":77.9569892473,
      "r":83.8150289017,
      "f":80.7799442897
    },
    "nummod":{
      "p":46.8085106383,
      "r":40.7407407407,
      "f":43.5643564356
    },
    "advmod":{
      "p":53.3898305085,
      "r":55.2631578947,
      "f":54.3103448276
    },
    "advmod:emph":{
      "p":76.7741935484,
      "r":71.686746988,
      "f":74.1433021807
    },
    "compound:redup":{
      "p":30.7692307692,
      "r":14.8148148148,
      "f":20.0
    },
    "acl":{
      "p":45.9459459459,
      "r":50.0,
      "f":47.8873239437
    },
    "mark":{
      "p":42.8571428571,
      "r":25.0,
      "f":31.5789473684
    },
    "cc":{
      "p":45.2054794521,
      "r":40.9937888199,
      "f":42.996742671
    },
    "flat":{
      "p":48.2558139535,
      "r":50.9202453988,
      "f":49.552238806
    },
    "discourse":{
      "p":80.0,
      "r":38.0952380952,
      "f":51.6129032258
    },
    "appos":{
      "p":25.0,
      "r":10.0,
      "f":14.2857142857
    },
    "aux:q":{
      "p":80.0,
      "r":77.7777777778,
      "f":78.8732394366
    },
    "ccomp":{
      "p":0.0,
      "r":0.0,
      "f":0.0
    },
    "dep":{
      "p":0.0,
      "r":0.0,
      "f":0.0
    },
    "fixed":{
      "p":0.0,
      "r":0.0,
      "f":0.0
    },
    "advcl":{
      "p":0.0,
      "r":0.0,
      "f":0.0
    }
  },
  "ents_p":0.0,
  "ents_r":0.0,
  "ents_f":0.0,
  "ents_per_type":{

  },
  "tags_acc":89.3589488354,
  "token_acc":100.0,
  "textcat_score":0.0,
  "textcats_per_cat":{

  }
}