{
  "uas":63.1973859373,
  "las":51.8697809512,
  "las_per_type":{
    "root":{
      "p":70.8502024291,
      "r":70.8502024291,
      "f":70.8502024291
    },
    "nmod:poss":{
      "p":53.0959752322,
      "r":58.9347079038,
      "f":55.8631921824
    },
    "nsubj":{
      "p":37.750385208,
      "r":36.8975903614,
      "f":37.319116527
    },
    "conj":{
      "p":34.5146379045,
      "r":32.892804699,
      "f":33.6842105263
    },
    "obj":{
      "p":47.5118483412,
      "r":53.1125827815,
      "f":50.1563477173
    },
    "amod":{
      "p":52.6223776224,
      "r":55.1282051282,
      "f":53.8461538462
    },
    "csubj":{
      "p":0.0,
      "r":0.0,
      "f":0.0
    },
    "cop":{
      "p":83.3333333333,
      "r":85.1063829787,
      "f":84.2105263158
    },
    "obl":{
      "p":43.0120481928,
      "r":49.105914718,
      "f":45.8574181118
    },
    "det":{
      "p":72.7959697733,
      "r":76.8617021277,
      "f":74.7736093144
    },
    "nmod":{
      "p":35.0364963504,
      "r":28.6140089419,
      "f":31.5012305168
    },
    "compound:lvc":{
      "p":67.0886075949,
      "r":59.5505617978,
      "f":63.0952380952
    },
    "compound":{
      "p":37.5,
      "r":25.7617728532,
      "f":30.5418719212
    },
    "case":{
      "p":78.167115903,
      "r":83.8150289017,
      "f":80.8926080893
    },
    "nummod":{
      "p":46.875,
      "r":41.6666666667,
      "f":44.1176470588
    },
    "advmod":{
      "p":53.021978022,
      "r":56.432748538,
      "f":54.6742209632
    },
    "advmod:emph":{
      "p":76.1290322581,
      "r":71.0843373494,
      "f":73.5202492212
    },
    "compound:redup":{
      "p":35.7142857143,
      "r":18.5185185185,
      "f":24.3902439024
    },
    "acl":{
      "p":45.1492537313,
      "r":50.8403361345,
      "f":47.8260869565
    },
    "mark":{
      "p":50.0,
      "r":33.3333333333,
      "f":40.0
    },
    "cc":{
      "p":45.2054794521,
      "r":40.9937888199,
      "f":42.996742671
    },
    "flat":{
      "p":47.9532163743,
      "r":50.3067484663,
      "f":49.1017964072
    },
    "discourse":{
      "p":78.9473684211,
      "r":35.7142857143,
      "f":49.1803278689
    },
    "appos":{
      "p":25.0,
      "r":10.0,
      "f":14.2857142857
    },
    "aux:q":{
      "p":80.0,
      "r":77.7777777778,
      "f":78.8732394366
    },
    "ccomp":{
      "p":0.0,
      "r":0.0,
      "f":0.0
    },
    "dep":{
      "p":0.0,
      "r":0.0,
      "f":0.0
    },
    "fixed":{
      "p":0.0,
      "r":0.0,
      "f":0.0
    },
    "advcl":{
      "p":0.0,
      "r":0.0,
      "f":0.0
    }
  },
  "ents_p":0.0,
  "ents_r":0.0,
  "ents_f":0.0,
  "ents_per_type":{

  },
  "tags_acc":89.5082619948,
  "token_acc":100.0,
  "textcat_score":0.0,
  "textcats_per_cat":{

  }
}