{
  "uas":62.741301059,
  "las":51.0983358548,
  "las_per_type":{
    "root":{
      "p":70.1417004049,
      "r":70.1417004049,
      "f":70.1417004049
    },
    "nmod:poss":{
      "p":53.2448377581,
      "r":62.0274914089,
      "f":57.3015873016
    },
    "nsubj":{
      "p":36.2790697674,
      "r":35.2409638554,
      "f":35.7524828113
    },
    "conj":{
      "p":34.1715976331,
      "r":33.9207048458,
      "f":34.0456890199
    },
    "obj":{
      "p":46.3473053892,
      "r":51.2582781457,
      "f":48.679245283
    },
    "amod":{
      "p":50.1730103806,
      "r":53.1135531136,
      "f":51.6014234875
    },
    "csubj":{
      "p":0.0,
      "r":0.0,
      "f":0.0
    },
    "cop":{
      "p":81.6901408451,
      "r":82.2695035461,
      "f":81.9787985866
    },
    "obl":{
      "p":40.4377880184,
      "r":48.280605227,
      "f":44.012539185
    },
    "det":{
      "p":71.4285714286,
      "r":77.1276595745,
      "f":74.168797954
    },
    "nmod":{
      "p":35.1778656126,
      "r":26.5275707899,
      "f":30.2463891249
    },
    "compound:lvc":{
      "p":62.5,
      "r":56.1797752809,
      "f":59.1715976331
    },
    "compound":{
      "p":36.4406779661,
      "r":23.8227146814,
      "f":28.810720268
    },
    "case":{
      "p":77.4193548387,
      "r":83.2369942197,
      "f":80.2228412256
    },
    "nummod":{
      "p":48.1927710843,
      "r":37.037037037,
      "f":41.8848167539
    },
    "advmod":{
      "p":53.1073446328,
      "r":54.9707602339,
      "f":54.0229885057
    },
    "advmod:emph":{
      "p":74.6835443038,
      "r":71.0843373494,
      "f":72.8395061728
    },
    "compound:redup":{
      "p":40.0,
      "r":14.8148148148,
      "f":21.6216216216
    },
    "acl":{
      "p":48.4251968504,
      "r":51.6806722689,
      "f":50.0
    },
    "mark":{
      "p":37.5,
      "r":25.0,
      "f":30.0
    },
    "cc":{
      "p":45.2054794521,
      "r":40.9937888199,
      "f":42.996742671
    },
    "flat":{
      "p":47.6744186047,
      "r":50.3067484663,
      "f":48.9552238806
    },
    "discourse":{
      "p":88.2352941176,
      "r":35.7142857143,
      "f":50.8474576271
    },
    "appos":{
      "p":0.0,
      "r":0.0,
      "f":0.0
    },
    "aux:q":{
      "p":75.6756756757,
      "r":77.7777777778,
      "f":76.7123287671
    },
    "ccomp":{
      "p":0.0,
      "r":0.0,
      "f":0.0
    },
    "fixed":{
      "p":0.0,
      "r":0.0,
      "f":0.0
    },
    "dep":{
      "p":0.0,
      "r":0.0,
      "f":0.0
    },
    "advcl":{
      "p":0.0,
      "r":0.0,
      "f":0.0
    }
  },
  "ents_p":0.0,
  "ents_r":0.0,
  "ents_f":0.0,
  "ents_per_type":{

  },
  "tags_acc":89.0503683058,
  "token_acc":100.0,
  "textcat_score":0.0,
  "textcats_per_cat":{

  }
}